Name,mtd_interval,MEF,ASR,time_to_compromise,host_compromise_ratio,network_size,exposed_endpoints,attack_path_exposure,ROA,risk,shortest_path_variability
mtd_ai,200,0.005046736794346575,0.2777777777777778,2612.660588273008,0.05,150,5,0.19319047619047622,2.382022566898148,2.244228425658042,0.0
mtd_ai,200,0.005046736794346575,0.375,3365.545475741398,0.1,150,5,0.19319047619047622,2.382022566898148,2.244228425658042,0.0
mtd_ai,200,0.005046736794346575,0.45,3979.2236920166583,0.15,150,5,0.19319047619047622,2.382022566898148,2.244228425658042,0.0
mtd_ai,200,0.005046736794346575,0.44776119402985076,5078.360808087492,0.2,150,5,0.19319047619047622,2.382022566898148,2.244228425658042,0.0
mtd_ai,200,0.005046736794346575,0.45180722891566266,5993.7002881726485,0.25,150,5,0.19319047619047622,2.382022566898148,2.244228425658042,0.0
mtd_ai,200,0.005051892839411365,0.3,2443.827807767822,0.05,150,5,0.2,0.5682667323681159,2.2765066902670004,0.0
mtd_ai,200,0.005051892839411365,0.375,3252.9645620630845,0.1,150,5,0.2,0.5682667323681159,2.2765066902670004,0.0
mtd_ai,200,0.005051892839411365,0.36885245901639346,4610.259182325908,0.15,150,5,0.2,0.5682667323681159,2.2765066902670004,0.0
mtd_ai,200,0.005051892839411365,0.39473684210526316,5381.794078988705,0.2,150,5,0.2,0.5682667323681159,2.2765066902670004,0.0
mtd_ai,200,0.005051892839411365,0.436046511627907,5802.11486779892,0.25,150,5,0.2,0.5682667323681159,2.2765066902670004,0.0
mtd_ai,200,0.005069546383431038,0.39473684210526316,1703.1872687415982,0.05,150,5,0.12583333333333332,1.987289323023923,1.3460206516694702,0.0
mtd_ai,200,0.005069546383431038,0.36585365853658536,3314.678750832786,0.1,150,5,0.12583333333333332,1.987289323023923,1.3460206516694702,0.0
mtd_ai,200,0.005069546383431038,0.3629032258064516,4511.474322226541,0.15,150,5,0.12583333333333332,1.987289323023923,1.3460206516694702,0.0
mtd_ai,200,0.005069546383431038,0.375,5292.530294121454,0.2,150,5,0.12583333333333332,1.987289323023923,1.3460206516694702,0.0
mtd_ai,200,0.005069546383431038,0.4076086956521739,5744.246962905148,0.25,150,5,0.12583333333333332,1.987289323023923,1.3460206516694702,0.0
mtd_ai,200,0.0050567620444537005,0.3,2016.5234975035405,0.05,150,5,0.14277777777777775,0.6618098621207705,2.552308770900135,0.0
mtd_ai,200,0.0050567620444537005,0.4166666666666667,2659.9349721301232,0.1,150,5,0.14277777777777775,0.6618098621207705,2.552308770900135,0.0
mtd_ai,200,0.0050567620444537005,0.45,3699.491464588851,0.15,150,5,0.14277777777777775,0.6618098621207705,2.552308770900135,0.0
mtd_ai,200,0.0050567620444537005,0.44776119402985076,5307.851303306148,0.2,150,5,0.14277777777777775,0.6618098621207705,2.552308770900135,0.0
mtd_ai,200,0.0050567620444537005,0.39893617021276595,6915.127391815596,0.25,150,5,0.14277777777777775,0.6618098621207705,2.552308770900135,0.0
mtd_ai,200,0.005057098018442598,0.5,1413.3395658369427,0.05,150,5,0.1328888888888889,0.27802722073949593,1.0138208811707636,0.0
mtd_ai,200,0.005057098018442598,0.375,3306.8119894156143,0.1,150,5,0.1328888888888889,0.27802722073949593,1.0138208811707636,0.0
mtd_ai,200,0.005057098018442598,0.4166666666666667,3967.0741813962973,0.15,150,5,0.1328888888888889,0.27802722073949593,1.0138208811707636,0.0
mtd_ai,200,0.005057098018442598,0.43478260869565216,4624.034894180879,0.2,150,5,0.1328888888888889,0.27802722073949593,1.0138208811707636,0.0
mtd_ai,200,0.005057098018442598,0.46875,5199.448156284245,0.25,150,5,0.1328888888888889,0.27802722073949593,1.0138208811707636,0.0
mtd_ai,200,0.005067804136635371,0.3125,2999.857225767304,0.05,150,5,0.18444444444444444,0.17885049198612632,0.31811572756946943,0.0
mtd_ai,200,0.005067804136635371,0.40540540540540543,4101.980123215422,0.1,150,5,0.18444444444444444,0.17885049198612632,0.31811572756946943,0.0
mtd_ai,200,0.005067804136635371,0.45918367346938777,4947.656829924003,0.15,150,5,0.18444444444444444,0.17885049198612632,0.31811572756946943,0.0
mtd_ai,200,0.005067804136635371,0.5084745762711864,5291.397101787346,0.2,150,5,0.18444444444444444,0.17885049198612632,0.31811572756946943,0.0
mtd_ai,200,0.005067804136635371,0.5434782608695652,6163.171209084547,0.25,150,5,0.18444444444444444,0.17885049198612632,0.31811572756946943,0.0
mtd_ai,200,0.005047088497475717,0.28846153846153844,2520.7179651579436,0.05,150,5,0.09888888888888889,0.4657987082259516,2.07412635823716,3.638888888888889
mtd_ai,200,0.005047088497475717,0.3,4659.009219953774,0.1,150,5,0.09888888888888889,0.4657987082259516,2.07412635823716,3.638888888888889
mtd_ai,200,0.005047088497475717,0.3813559322033898,5101.126280129116,0.15,150,5,0.09888888888888889,0.4657987082259516,2.07412635823716,3.638888888888889
mtd_ai,200,0.005047088497475717,0.4225352112676056,5749.206708829682,0.2,150,5,0.09888888888888889,0.4657987082259516,2.07412635823716,3.638888888888889
mtd_ai,200,0.005047088497475717,0.46296296296296297,6183.846100131596,0.25,150,5,0.09888888888888889,0.4657987082259516,2.07412635823716,3.638888888888889
mtd_ai,200,0.005053757829436099,0.46875,1177.4502477473957,0.05,150,5,0.15233333333333335,1.032665125749065,2.393671932675341,0.0
mtd_ai,200,0.005053757829436099,0.40540540540540543,2717.158240262616,0.1,150,5,0.15233333333333335,1.032665125749065,2.393671932675341,0.0
mtd_ai,200,0.005053757829436099,0.42452830188679247,3736.7209182844413,0.15,150,5,0.15233333333333335,1.032665125749065,2.393671932675341,0.0
mtd_ai,200,0.005053757829436099,0.45454545454545453,4400.305443270287,0.2,150,5,0.15233333333333335,1.032665125749065,2.393671932675341,0.0
mtd_ai,200,0.005053757829436099,0.47468354430379744,4954.929293935935,0.25,150,5,0.15233333333333335,1.032665125749065,2.393671932675341,0.0
mtd_ai,200,0.00507201415077386,0.46875,1438.056340912377,0.05,150,5,0.13333333333333333,1.1793444970304083,2.3846194352355266,0.0
mtd_ai,200,0.00507201415077386,0.4411764705882353,2912.475187411076,0.1,150,5,0.13333333333333333,1.1793444970304083,2.3846194352355266,0.0
mtd_ai,200,0.00507201415077386,0.45,3883.1125935568834,0.15,150,5,0.13333333333333333,1.1793444970304083,2.3846194352355266,0.0
mtd_ai,200,0.00507201415077386,0.39473684210526316,5627.002310427883,0.2,150,5,0.13333333333333333,1.1793444970304083,2.3846194352355266,0.0
mtd_ai,200,0.00507201415077386,0.436046511627907,6238.306429060318,0.25,150,5,0.13333333333333333,1.1793444970304083,2.3846194352355266,0.0
mtd_ai,200,0.005038627449916402,0.21428571428571427,2820.8251065989443,0.05,150,5,0.1406666666666667,1.2457207780332178,4.752330895969109,0.0
mtd_ai,200,0.005038627449916402,0.26785714285714285,4484.394894212738,0.1,150,5,0.1406666666666667,1.2457207780332178,4.752330895969109,0.0
mtd_ai,200,0.005038627449916402,0.32142857142857145,5362.080945234064,0.15,150,5,0.1406666666666667,1.2457207780332178,4.752330895969109,0.0
mtd_ai,200,0.005038627449916402,0.35714285714285715,6189.8845700810725,0.2,150,5,0.1406666666666667,1.2457207780332178,4.752330895969109,0.0
mtd_ai,200,0.005038627449916402,0.3826530612244898,7051.44718585668,0.25,150,5,0.1406666666666667,1.2457207780332178,4.752330895969109,0.0
mtd_ai,200,0.005039041210320594,0.3409090909090909,1863.5717183911377,0.05,150,5,0.15789473684210525,3.17802559499114,5.052052495374721,0.0
mtd_ai,200,0.005039041210320594,0.3333333333333333,3884.994367036109,0.1,150,5,0.15789473684210525,3.17802559499114,5.052052495374721,0.0
mtd_ai,200,0.005039041210320594,0.4166666666666667,4437.027087288616,0.15,150,5,0.15789473684210525,3.17802559499114,5.052052495374721,0.0
mtd_ai,200,0.005039041210320594,0.4225352112676056,6088.581113423198,0.2,150,5,0.15789473684210525,3.17802559499114,5.052052495374721,0.0
mtd_ai,200,0.005039041210320594,0.45180722891566266,7047.041508413408,0.25,150,5,0.15789473684210525,3.17802559499114,5.052052495374721,0.0
mtd_ai,200,0.005059213687567515,0.25,2746.5437329882084,0.05,150,5,0.13233333333333333,0.087898744815193,0.09130699408139699,0.0
mtd_ai,200,0.005059213687567515,0.29411764705882354,4467.13365637145,0.1,150,5,0.13233333333333333,0.087898744815193,0.09130699408139699,0.0
mtd_ai,200,0.005059213687567515,0.32142857142857145,5557.78523382535,0.15,150,5,0.13233333333333333,0.087898744815193,0.09130699408139699,0.0
mtd_ai,200,0.005059213687567515,0.32608695652173914,6648.4822740409345,0.2,150,5,0.13233333333333333,0.087898744815193,0.09130699408139699,0.0
mtd_ai,200,0.005059213687567515,0.36764705882352944,7080.229360824496,0.25,150,5,0.13233333333333333,0.087898744815193,0.09130699408139699,0.0
mtd_ai,200,0.005081997443361804,0.35714285714285715,1660.4811978000434,0.05,150,5,0.162,0.6852538250752243,1.0549985481792838,0.0
mtd_ai,200,0.005081997443361804,0.39473684210526316,3078.169455733713,0.1,150,5,0.162,0.6852538250752243,1.0549985481792838,0.0
mtd_ai,200,0.005081997443361804,0.45918367346938777,3649.9238304665605,0.15,150,5,0.162,0.6852538250752243,1.0549985481792838,0.0
mtd_ai,200,0.005081997443361804,0.46875,4322.938839439259,0.2,150,5,0.162,0.6852538250752243,1.0549985481792838,0.0
mtd_ai,200,0.005081997443361804,0.5,4885.879565699986,0.25,150,5,0.162,0.6852538250752243,1.0549985481792838,0.0
mtd_ai,200,0.00507059022117486,0.39473684210526316,1619.7446944404153,0.05,150,5,0.11222222222222221,0.0302061734350675,0.11789078778561866,0.0
mtd_ai,200,0.00507059022117486,0.45454545454545453,3175.7514419452664,0.1,150,5,0.11222222222222221,0.0302061734350675,0.11789078778561866,0.0
mtd_ai,200,0.00507059022117486,0.5232558139534884,4114.000898665844,0.15,150,5,0.11222222222222221,0.0302061734350675,0.11789078778561866,0.0
mtd_ai,200,0.00507059022117486,0.5263157894736842,5321.445415844308,0.2,150,5,0.11222222222222221,0.0302061734350675,0.11789078778561866,0.0
mtd_ai,200,0.00507059022117486,0.528169014084507,6217.428061063642,0.25,150,5,0.11222222222222221,0.0302061734350675,0.11789078778561866,0.0
mtd_ai,200,0.005069115116695084,0.20833333333333334,2896.839234979406,0.05,150,5,0.17200000000000001,2.937443797956363,3.0013040557845367,0.0
mtd_ai,200,0.005069115116695084,0.2727272727272727,4594.057445168306,0.1,150,5,0.17200000000000001,2.937443797956363,3.0013040557845367,0.0
mtd_ai,200,0.005069115116695084,0.34615384615384615,5073.578850792221,0.15,150,5,0.17200000000000001,2.937443797956363,3.0013040557845367,0.0
mtd_ai,200,0.005069115116695084,0.4,5412.30943376002,0.2,150,5,0.17200000000000001,2.937443797956363,3.0013040557845367,0.0
mtd_ai,200,0.005069115116695084,0.4411764705882353,6099.3296744991985,0.25,150,5,0.17200000000000001,2.937443797956363,3.0013040557845367,0.0
mtd_ai,200,0.005075111099453301,0.25,2648.7125641071175,0.05,150,5,0.19244444444444445,0.5366032439906274,0.83741215438353,0.0
mtd_ai,200,0.005075111099453301,0.3333333333333333,3683.725011580751,0.1,150,5,0.19244444444444445,0.5366032439906274,0.83741215438353,0.0
mtd_ai,200,0.005075111099453301,0.3813559322033898,4921.224153464811,0.15,150,5,0.19244444444444445,0.5366032439906274,0.83741215438353,0.0
mtd_ai,200,0.005075111099453301,0.42857142857142855,5465.349011647494,0.2,150,5,0.19244444444444445,0.5366032439906274,0.83741215438353,0.0
mtd_ai,200,0.005075111099453301,0.47468354430379744,5817.586025491093,0.25,150,5,0.19244444444444445,0.5366032439906274,0.83741215438353,0.0
mtd_ai,200,0.005044936168387378,0.3125,1727.1063632632067,0.05,150,5,0.15,0.7701812286397042,2.599924091493377,0.0
mtd_ai,200,0.005044936168387378,0.3488372093023256,3205.7342487379146,0.1,150,5,0.15,0.7701812286397042,2.599924091493377,0.0
mtd_ai,200,0.005044936168387378,0.39473684210526316,3991.3404458999667,0.15,150,5,0.15,0.7701812286397042,2.599924091493377,0.0
mtd_ai,200,0.005044936168387378,0.4166666666666667,4930.9462978577985,0.2,150,5,0.15,0.7701812286397042,2.599924091493377,0.0
mtd_ai,200,0.005044936168387378,0.4032258064516129,6212.619681930431,0.25,150,5,0.15,0.7701812286397042,2.599924091493377,0.0
mtd_ai,200,0.005076922979896105,0.3125,2294.8515116804956,0.05,150,5,0.10476190476190475,0.2902408875320691,1.1419159524522549,0.0
mtd_ai,200,0.005076922979896105,0.40540540540540543,3180.192163300254,0.1,150,5,0.10476190476190475,0.2902408875320691,1.1419159524522549,0.0
mtd_ai,200,0.005076922979896105,0.4411764705882353,4095.7274436243465,0.15,150,5,0.10476190476190475,0.2902408875320691,1.1419159524522549,0.0
mtd_ai,200,0.005076922979896105,0.45454545454545453,4927.0160538899945,0.2,150,5,0.10476190476190475,0.2902408875320691,1.1419159524522549,0.0
mtd_ai,200,0.005076922979896105,0.5,5263.166516570651,0.25,150,5,0.10476190476190475,0.2902408875320691,1.1419159524522549,0.0
mtd_ai,200,0.005049164082184457,0.28846153846153844,2589.275418275295,0.05,150,5,0.10777777777777776,0.18787195560633027,0.506761442430338,0.0
mtd_ai,200,0.005049164082184457,0.36585365853658536,3342.6744741164985,0.1,150,5,0.10777777777777776,0.18787195560633027,0.506761442430338,0.0
mtd_ai,200,0.005049164082184457,0.42452830188679247,4407.807160436016,0.15,150,5,0.10777777777777776,0.18787195560633027,0.506761442430338,0.0
mtd_ai,200,0.005049164082184457,0.46153846153846156,5240.995680339579,0.2,150,5,0.10777777777777776,0.18787195560633027,0.506761442430338,0.0
mtd_ai,200,0.005049164082184457,0.47468354430379744,5855.000762709046,0.25,150,5,0.10777777777777776,0.18787195560633027,0.506761442430338,0.0
mtd_ai,200,0.0050606975635673285,0.35714285714285715,1872.019332405125,0.05,150,5,0.10555555555555556,1.8155041336685338,3.3794351004896908,0.0
mtd_ai,200,0.0050606975635673285,0.35714285714285715,3921.7552049046026,0.1,150,5,0.10555555555555556,1.8155041336685338,3.3794351004896908,0.0
mtd_ai,200,0.0050606975635673285,0.4411764705882353,4488.327827410611,0.15,150,5,0.10555555555555556,1.8155041336685338,3.3794351004896908,0.0
mtd_ai,200,0.0050606975635673285,0.4411764705882353,6003.75455677641,0.2,150,5,0.10555555555555556,1.8155041336685338,3.3794351004896908,0.0
mtd_ai,200,0.0050606975635673285,0.46875,6527.061871197782,0.25,150,5,0.10555555555555556,1.8155041336685338,3.3794351004896908,0.0
mtd_ai,200,0.005087425752537722,0.3,2365.8034273754415,0.05,150,5,0.1448148148148148,0.2891025905299628,1.183595118908245,0.0
mtd_ai,200,0.005087425752537722,0.36585365853658536,3686.7451897057517,0.1,150,5,0.1448148148148148,0.2891025905299628,1.183595118908245,0.0
mtd_ai,200,0.005087425752537722,0.45918367346938777,3987.244898540718,0.15,150,5,0.1448148148148148,0.2891025905299628,1.183595118908245,0.0
mtd_ai,200,0.005087425752537722,0.43478260869565216,4875.469709799543,0.2,150,5,0.1448148148148148,0.2891025905299628,1.183595118908245,0.0
mtd_ai,200,0.005087425752537722,0.4807692307692308,5214.185141658414,0.25,150,5,0.1448148148148148,0.2891025905299628,1.183595118908245,0.0
mtd_ai,200,0.0050762512374088,0.3,2359.9602337114643,0.05,150,5,0.13619047619047617,0.8600015279399533,1.6418389788784307,0.0
mtd_ai,200,0.0050762512374088,0.3125,3803.9430366631586,0.1,150,5,0.13619047619047617,0.8600015279399533,1.6418389788784307,0.0
mtd_ai,200,0.0050762512374088,0.32608695652173914,4785.858603023872,0.15,150,5,0.13619047619047617,0.8600015279399533,1.6418389788784307,0.0
mtd_ai,200,0.0050762512374088,0.37037037037037035,5381.012556441823,0.2,150,5,0.13619047619047617,0.8600015279399533,1.6418389788784307,0.0
mtd_ai,200,0.0050762512374088,0.41208791208791207,5919.671279499541,0.25,150,5,0.13619047619047617,0.8600015279399533,1.6418389788784307,0.0
mtd_ai,200,0.005049154603655391,0.26785714285714285,2767.4833267718946,0.05,150,5,0.17111111111111113,0.7527346659901824,3.0785837347263403,0.0
mtd_ai,200,0.005049154603655391,0.36585365853658536,3495.7976496286296,0.1,150,5,0.17111111111111113,0.7527346659901824,3.0785837347263403,0.0
mtd_ai,200,0.005049154603655391,0.3409090909090909,5251.704675664931,0.15,150,5,0.17111111111111113,0.7527346659901824,3.0785837347263403,0.0
mtd_ai,200,0.005049154603655391,0.3448275862068966,6732.601054133742,0.2,150,5,0.17111111111111113,0.7527346659901824,3.0785837347263403,0.0
mtd_ai,200,0.005049154603655391,0.3640776699029126,7592.682287356669,0.25,150,5,0.17111111111111113,0.7527346659901824,3.0785837347263403,0.0
mtd_ai,200,0.005076266552949908,0.3,2549.700472552822,0.05,150,5,0.08655555555555555,1.4035133748996276,3.6990366816588747,0.0
mtd_ai,200,0.005076266552949908,0.4166666666666667,3333.5890467380977,0.1,150,5,0.08655555555555555,1.4035133748996276,3.6990366816588747,0.0
mtd_ai,200,0.005076266552949908,0.46875,4247.539311938668,0.15,150,5,0.08655555555555555,1.4035133748996276,3.6990366816588747,0.0
mtd_ai,200,0.005076266552949908,0.5084745762711864,4736.350121611956,0.2,150,5,0.08655555555555555,1.4035133748996276,3.6990366816588747,0.0
mtd_ai,200,0.005076266552949908,0.5208333333333334,5847.422451836976,0.25,150,5,0.08655555555555555,1.4035133748996276,3.6990366816588747,0.0
mtd_ai,200,0.005069652962582135,0.39473684210526316,1504.1059516402813,0.05,150,5,0.11333333333333333,0.6625975680063,2.6299709137699177,0.0
mtd_ai,200,0.005069652962582135,0.4411764705882353,2632.632504492267,0.1,150,5,0.11333333333333333,0.6625975680063,2.6299709137699177,0.0
mtd_ai,200,0.005069652962582135,0.4326923076923077,4383.009340848104,0.15,150,5,0.11333333333333333,0.6625975680063,2.6299709137699177,0.0
mtd_ai,200,0.005069652962582135,0.44776119402985076,5480.382647862896,0.2,150,5,0.11333333333333333,0.6625975680063,2.6299709137699177,0.0
mtd_ai,200,0.005069652962582135,0.487012987012987,5963.946155645681,0.25,150,5,0.11333333333333333,0.6625975680063,2.6299709137699177,0.0
mtd_ai,200,0.005073172342182168,0.3409090909090909,2027.286596147764,0.05,150,5,0.14144444444444443,0.79363075490945,3.3206713396644485,0.0
mtd_ai,200,0.005073172342182168,0.38461538461538464,3399.2353215716257,0.1,150,5,0.14144444444444443,0.79363075490945,3.3206713396644485,0.0
mtd_ai,200,0.005073172342182168,0.4411764705882353,4026.9053097661917,0.15,150,5,0.14144444444444443,0.79363075490945,3.3206713396644485,0.0
mtd_ai,200,0.005073172342182168,0.47619047619047616,4792.339728696643,0.2,150,5,0.14144444444444443,0.79363075490945,3.3206713396644485,0.0
mtd_ai,200,0.005073172342182168,0.45180722891566266,5965.287552562377,0.25,150,5,0.14144444444444443,0.79363075490945,3.3206713396644485,0.0
mtd_ai,200,0.005039455833523875,0.32608695652173914,2545.2921665966987,0.05,150,5,0.12666666666666668,0.9329085133227398,2.7255545059537125,0.0
mtd_ai,200,0.005039455833523875,0.38461538461538464,3799.4180899557814,0.1,150,5,0.12666666666666668,0.9329085133227398,2.7255545059537125,0.0
mtd_ai,200,0.005039455833523875,0.4326923076923077,4721.404671449396,0.15,150,5,0.12666666666666668,0.9329085133227398,2.7255545059537125,0.0
mtd_ai,200,0.005039455833523875,0.4411764705882353,5556.2846957762995,0.2,150,5,0.12666666666666668,0.9329085133227398,2.7255545059537125,0.0
mtd_ai,200,0.005039455833523875,0.4807692307692308,6175.236588851229,0.25,150,5,0.12666666666666668,0.9329085133227398,2.7255545059537125,0.0
mtd_ai,200,0.005050065321063668,0.2777777777777778,2803.101695551207,0.05,150,5,0.14944444444444446,0.39874892688474434,1.763159263775827,3.90625
mtd_ai,200,0.005050065321063668,0.375,3278.3624011558395,0.1,150,5,0.14944444444444446,0.39874892688474434,1.763159263775827,3.90625
mtd_ai,200,0.005050065321063668,0.42452830188679247,3963.7963874528837,0.15,150,5,0.14944444444444446,0.39874892688474434,1.763159263775827,3.90625
mtd_ai,200,0.005050065321063668,0.45454545454545453,4721.322170306454,0.2,150,5,0.14944444444444446,0.39874892688474434,1.763159263775827,3.90625
mtd_ai,200,0.005050065321063668,0.4807692307692308,5665.7270238117235,0.25,150,5,0.14944444444444446,0.39874892688474434,1.763159263775827,3.90625
mtd_ai,200,0.005037877369440202,0.25862068965517243,3334.194132047606,0.05,150,5,0.3015873015873016,0.2881029296450177,1.2587488548979426,-4.607142857142857
mtd_ai,200,0.005037877369440202,0.36585365853658536,4423.095915223014,0.1,150,5,0.3015873015873016,0.2881029296450177,1.2587488548979426,-4.607142857142857
mtd_ai,200,0.005037877369440202,0.36885245901639346,5178.677504598266,0.15,150,5,0.3015873015873016,0.2881029296450177,1.2587488548979426,-4.607142857142857
mtd_ai,200,0.005037877369440202,0.379746835443038,5841.7913949307695,0.2,150,5,0.3015873015873016,0.2881029296450177,1.2587488548979426,-4.607142857142857
mtd_ai,200,0.005037877369440202,0.4166666666666667,6759.482073919646,0.25,150,5,0.3015873015873016,0.2881029296450177,1.2587488548979426,-4.607142857142857
mtd_ai,200,0.005060694126531009,0.3,1841.5625493787422,0.05,150,5,0.13666666666666666,2.25982852430218,5.151717649774721,0.0
mtd_ai,200,0.005060694126531009,0.32608695652173914,3759.7728650476574,0.1,150,5,0.13666666666666666,2.25982852430218,5.151717649774721,0.0
mtd_ai,200,0.005060694126531009,0.3813559322033898,4470.981870227093,0.15,150,5,0.13666666666666666,2.25982852430218,5.151717649774721,0.0
mtd_ai,200,0.005060694126531009,0.36585365853658536,6159.163542486762,0.2,150,5,0.13666666666666666,2.25982852430218,5.151717649774721,0.0
mtd_ai,200,0.005060694126531009,0.4032258064516129,6641.081480431033,0.25,150,5,0.13666666666666666,2.25982852430218,5.151717649774721,0.0
mtd_ai,200,0.005033498780029565,0.3,2958.59099241311,0.05,150,5,0.1875,0.22822267587946918,0.9912120652326413,-3.8285714285714287
mtd_ai,200,0.005033498780029565,0.375,3879.588918293819,0.1,150,5,0.1875,0.22822267587946918,0.9912120652326413,-3.8285714285714287
mtd_ai,200,0.005033498780029565,0.375,5057.772403633922,0.15,150,5,0.1875,0.22822267587946918,0.9912120652326413,-3.8285714285714287
mtd_ai,200,0.005033498780029565,0.38961038961038963,6013.688860581403,0.2,150,5,0.1875,0.22822267587946918,0.9912120652326413,-3.8285714285714287
mtd_ai,200,0.005033498780029565,0.42134831460674155,6666.678736125767,0.25,150,5,0.1875,0.22822267587946918,0.9912120652326413,-3.8285714285714287
mtd_ai,200,0.005063238493794694,0.26785714285714285,2225.077843830066,0.05,150,5,0.11,2.805964310630492,5.353544357563183,0.0
mtd_ai,200,0.005063238493794694,0.36585365853658536,3056.639639284611,0.1,150,5,0.11,2.805964310630492,5.353544357563183,0.0
mtd_ai,200,0.005063238493794694,0.36885245901639346,4990.256036560411,0.15,150,5,0.11,2.805964310630492,5.353544357563183,0.0
mtd_ai,200,0.005063238493794694,0.4166666666666667,5738.274077966273,0.2,150,5,0.11,2.805964310630492,5.353544357563183,0.0
mtd_ai,200,0.005063238493794694,0.42134831460674155,6871.01058403657,0.25,150,5,0.11,2.805964310630492,5.353544357563183,0.0
mtd_ai,200,0.005066482432099477,0.35714285714285715,2222.7395740108695,0.05,150,5,0.19944444444444445,1.5575231093376705,5.077397877956821,0.0
mtd_ai,200,0.005066482432099477,0.45454545454545453,3282.5390095837547,0.1,150,5,0.19944444444444445,1.5575231093376705,5.077397877956821,0.0
mtd_ai,200,0.005066482432099477,0.46875,4625.363913794607,0.15,150,5,0.19944444444444445,1.5575231093376705,5.077397877956821,0.0
mtd_ai,200,0.005066482432099477,0.42857142857142855,5781.848460917995,0.2,150,5,0.19944444444444445,1.5575231093376705,5.077397877956821,0.0
mtd_ai,200,0.005066482432099477,0.45180722891566266,6281.893550365097,0.25,150,5,0.19944444444444445,1.5575231093376705,5.077397877956821,0.0
mtd_ai,200,0.005047259090037321,0.25862068965517243,2485.838843553963,0.05,150,5,0.13666666666666666,5.796658564928521,7.192250034725774,0.0
mtd_ai,200,0.005047259090037321,0.3488372093023256,3566.010910626803,0.1,150,5,0.13666666666666666,5.796658564928521,7.192250034725774,0.0
mtd_ai,200,0.005047259090037321,0.4017857142857143,4277.197797365065,0.15,150,5,0.13666666666666666,5.796658564928521,7.192250034725774,0.0
mtd_ai,200,0.005047259090037321,0.4411764705882353,4919.259364931935,0.2,150,5,0.13666666666666666,5.796658564928521,7.192250034725774,0.0
mtd_ai,200,0.005047259090037321,0.44642857142857145,6132.382126631837,0.25,150,5,0.13666666666666666,5.796658564928521,7.192250034725774,0.0
mtd_ai,200,0.005048700460540859,0.4411764705882353,1416.7147554190083,0.05,150,5,0.15588888888888888,1.132549235900966,4.52415802241489,0.0
mtd_ai,200,0.005048700460540859,0.3409090909090909,3255.3414266053264,0.1,150,5,0.15588888888888888,1.132549235900966,4.52415802241489,0.0
mtd_ai,200,0.005048700460540859,0.4017857142857143,3783.8886958581097,0.15,150,5,0.15588888888888888,1.132549235900966,4.52415802241489,0.0
mtd_ai,200,0.005048700460540859,0.4225352112676056,4493.914118681475,0.2,150,5,0.15588888888888888,1.132549235900966,4.52415802241489,0.0
mtd_ai,200,0.005048700460540859,0.436046511627907,5223.930742826907,0.25,150,5,0.15588888888888888,1.132549235900966,4.52415802241489,0.0
mtd_ai,200,0.005079742201727688,0.2777777777777778,2390.110470467922,0.05,150,5,0.13333333333333333,0.5872437331951048,0.5108007847679935,0.0
mtd_ai,200,0.005079742201727688,0.36585365853658536,3745.133870447161,0.1,150,5,0.13333333333333333,0.5872437331951048,0.5108007847679935,0.0
mtd_ai,200,0.005079742201727688,0.4090909090909091,4789.029973121498,0.15,150,5,0.13333333333333333,0.5872437331951048,0.5108007847679935,0.0
mtd_ai,200,0.005079742201727688,0.46153846153846156,5236.6912617900525,0.2,150,5,0.13333333333333333,0.5872437331951048,0.5108007847679935,0.0
mtd_ai,200,0.005079742201727688,0.5,5671.785721613685,0.25,150,5,0.13333333333333333,0.5872437331951048,0.5108007847679935,0.0
mtd_ai,200,0.005078877759807234,0.3125,2384.5396191075515,0.05,150,5,0.1896551724137931,1.7833261464624754,3.951355499224579,0.0
mtd_ai,200,0.005078877759807234,0.39473684210526316,3740.7823242062195,0.1,150,5,0.1896551724137931,1.7833261464624754,3.951355499224579,0.0
mtd_ai,200,0.005078877759807234,0.4326923076923077,4580.9076609067215,0.15,150,5,0.1896551724137931,1.7833261464624754,3.951355499224579,0.0
mtd_ai,200,0.005078877759807234,0.46153846153846156,5329.83423195407,0.2,150,5,0.1896551724137931,1.7833261464624754,3.951355499224579,0.0
mtd_ai,200,0.005078877759807234,0.5,5695.975486583086,0.25,150,5,0.1896551724137931,1.7833261464624754,3.951355499224579,0.0
mtd_ai,200,0.0050417598254520095,0.35714285714285715,1876.8720270268923,0.05,150,5,0.09333333333333334,2.0803883791985913,4.240674936179386,0.0
mtd_ai,200,0.0050417598254520095,0.35714285714285715,3498.676728984292,0.1,150,5,0.09333333333333334,2.0803883791985913,4.240674936179386,0.0
mtd_ai,200,0.0050417598254520095,0.4017857142857143,4449.561993798155,0.15,150,5,0.09333333333333334,2.0803883791985913,4.240674936179386,0.0
mtd_ai,200,0.0050417598254520095,0.4411764705882353,4893.886176188793,0.2,150,5,0.09333333333333334,2.0803883791985913,4.240674936179386,0.0
mtd_ai,200,0.0050417598254520095,0.4573170731707317,6214.396830330312,0.25,150,5,0.09333333333333334,2.0803883791985913,4.240674936179386,0.0
mtd_ai,200,0.005062728313228105,0.32608695652173914,2170.995022850304,0.05,150,5,0.25,0.449125938881251,1.8758071346133607,0.0
mtd_ai,200,0.005062728313228105,0.42857142857142855,3052.596440599393,0.1,150,5,0.25,0.449125938881251,1.8758071346133607,0.0
mtd_ai,200,0.005062728313228105,0.39473684210526316,5451.084283470831,0.15,150,5,0.25,0.449125938881251,1.8758071346133607,0.0
mtd_ai,200,0.005062728313228105,0.42857142857142855,6134.712598704902,0.2,150,5,0.25,0.449125938881251,1.8758071346133607,0.0
mtd_ai,200,0.005062728313228105,0.436046511627907,7205.001048485649,0.25,150,5,0.25,0.449125938881251,1.8758071346133607,0.0
mtd_ai,200,0.005085507648991705,0.46875,1339.985947279053,0.05,150,5,0.12444444444444445,0.3393719932451923,1.3823143826386317,0.0
mtd_ai,200,0.005085507648991705,0.40540540540540543,3351.554184911557,0.1,150,5,0.12444444444444445,0.3393719932451923,1.3823143826386317,0.0
mtd_ai,200,0.005085507648991705,0.4787234042553192,3885.817207688421,0.15,150,5,0.12444444444444445,0.3393719932451923,1.3823143826386317,0.0
mtd_ai,200,0.005085507648991705,0.4838709677419355,4970.546789584209,0.2,150,5,0.12444444444444445,0.3393719932451923,1.3823143826386317,0.0
mtd_ai,200,0.005085507648991705,0.528169014084507,5323.9355741742,0.25,150,5,0.12444444444444445,0.3393719932451923,1.3823143826386317,0.0
mtd_ai,200,0.0050568581550233995,0.3125,1827.848483837293,0.05,150,5,0.08666666666666667,0.7590369801267848,0.8212571147635371,0.0
mtd_ai,200,0.0050568581550233995,0.3333333333333333,3268.1430546125803,0.1,150,5,0.08666666666666667,0.7590369801267848,0.8212571147635371,0.0
mtd_ai,200,0.0050568581550233995,0.39473684210526316,4368.400113720982,0.15,150,5,0.08666666666666667,0.7590369801267848,0.8212571147635371,0.0
mtd_ai,200,0.0050568581550233995,0.4,5955.752479880139,0.2,150,5,0.08666666666666667,0.7590369801267848,0.8212571147635371,0.0
mtd_ai,200,0.0050568581550233995,0.43103448275862066,6597.88478965117,0.25,150,5,0.08666666666666667,0.7590369801267848,0.8212571147635371,0.0
mtd_ai,200,0.005046756451674359,0.25,3476.908495564697,0.05,150,5,0.132,0.9028741469246094,3.9509070782179756,0.0
mtd_ai,200,0.005046756451674359,0.3333333333333333,4499.298831974347,0.1,150,5,0.132,0.9028741469246094,3.9509070782179756,0.0
mtd_ai,200,0.005046756451674359,0.39473684210526316,5491.936397628716,0.15,150,5,0.132,0.9028741469246094,3.9509070782179756,0.0
mtd_ai,200,0.005046756451674359,0.36585365853658536,6906.286456613581,0.2,150,5,0.132,0.9028741469246094,3.9509070782179756,0.0
mtd_ai,200,0.005046756451674359,0.33482142857142855,8721.07561406049,0.25,150,5,0.132,0.9028741469246094,3.9509070782179756,0.0
mtd_ai,200,0.0050361978300601535,0.3409090909090909,1843.5407404943057,0.05,150,5,0.1333333333333333,0.3691717890370817,1.3748815489118507,3.96875
mtd_ai,200,0.0050361978300601535,0.42857142857142855,2599.8162398926916,0.1,150,5,0.1333333333333333,0.3691717890370817,1.3748815489118507,3.96875
mtd_ai,200,0.0050361978300601535,0.4326923076923077,4032.596568653403,0.15,150,5,0.1333333333333333,0.3691717890370817,1.3748815489118507,3.96875
mtd_ai,200,0.0050361978300601535,0.32967032967032966,6011.699427417809,0.2,150,5,0.1333333333333333,0.3691717890370817,1.3748815489118507,3.96875
mtd_ai,200,0.0050361978300601535,0.3605769230769231,6591.723418620817,0.25,150,5,0.1333333333333333,0.3691717890370817,1.3748815489118507,3.96875
mtd_ai,200,0.0050353347460287195,0.28846153846153844,2435.7805279254844,0.05,150,5,0.06333333333333334,0.07646634721893572,0.20689774687481866,0.0
mtd_ai,200,0.0050353347460287195,0.3,5228.381007038756,0.1,150,5,0.06333333333333334,0.07646634721893572,0.20689774687481866,0.0
mtd_ai,200,0.0050353347460287195,0.3629032258064516,6022.904458035952,0.15,150,5,0.06333333333333334,0.07646634721893572,0.20689774687481866,0.0
mtd_ai,200,0.0050353347460287195,0.410958904109589,6504.058075777071,0.2,150,5,0.06333333333333334,0.07646634721893572,0.20689774687481866,0.0
mtd_ai,200,0.0050353347460287195,0.44642857142857145,7035.09385244451,0.25,150,5,0.06333333333333334,0.07646634721893572,0.20689774687481866,0.0
mtd_ai,200,0.005063157722481139,0.3,1965.330060204715,0.05,150,5,0.13622222222222222,2.1725056207165845,5.628878298572627,0.0
mtd_ai,200,0.005063157722481139,0.36585365853658536,3309.902715739824,0.1,150,5,0.13622222222222222,2.1725056207165845,5.628878298572627,0.0
mtd_ai,200,0.005063157722481139,0.4326923076923077,3918.9938340485523,0.15,150,5,0.13622222222222222,2.1725056207165845,5.628878298572627,0.0
mtd_ai,200,0.005063157722481139,0.40540540540540543,6170.689383648711,0.2,150,5,0.13622222222222222,2.1725056207165845,5.628878298572627,0.0
mtd_ai,200,0.005063157722481139,0.4573170731707317,6570.393607003189,0.25,150,5,0.13622222222222222,2.1725056207165845,5.628878298572627,0.0
mtd_ai,200,0.005086770478216103,0.32608695652173914,2392.4269300329015,0.05,150,5,0.13633333333333336,0.36171684634684437,1.602960721809483,0.0
mtd_ai,200,0.005086770478216103,0.4166666666666667,3310.2484698603303,0.1,150,5,0.13633333333333336,0.36171684634684437,1.602960721809483,0.0
mtd_ai,200,0.005086770478216103,0.45918367346938777,4271.498008974563,0.15,150,5,0.13633333333333336,0.36171684634684437,1.602960721809483,0.0
mtd_ai,200,0.005086770478216103,0.5084745762711864,4738.200324442352,0.2,150,5,0.13633333333333336,0.36171684634684437,1.602960721809483,0.0
mtd_ai,200,0.005086770478216103,0.5357142857142857,5182.494885150783,0.25,150,5,0.13633333333333336,0.36171684634684437,1.602960721809483,0.0
mtd_ai,200,0.005033053092381238,0.35714285714285715,1786.146767546954,0.05,150,5,0.10144444444444445,1.9524255182818975,4.23816112111157,3.787878787878788
mtd_ai,200,0.005033053092381238,0.3333333333333333,4229.2471675949655,0.1,150,5,0.10144444444444445,1.9524255182818975,4.23816112111157,3.787878787878788
mtd_ai,200,0.005033053092381238,0.34615384615384615,5477.801415183911,0.15,150,5,0.10144444444444445,1.9524255182818975,4.23816112111157,3.787878787878788
mtd_ai,200,0.005033053092381238,0.38961038961038963,5976.0296733253435,0.2,150,5,0.10144444444444445,1.9524255182818975,4.23816112111157,3.787878787878788
mtd_ai,200,0.005033053092381238,0.4166666666666667,6564.270448067311,0.25,150,5,0.10144444444444445,1.9524255182818975,4.23816112111157,3.787878787878788
mtd_ai,200,0.005024536402982291,0.22058823529411764,3286.7631794507643,0.05,150,5,0.12888888888888891,1.189991433796861,3.609211030365581,0.0
mtd_ai,200,0.005024536402982291,0.25862068965517243,4766.683525476675,0.1,150,5,0.12888888888888891,1.189991433796861,3.609211030365581,0.0
mtd_ai,200,0.005024536402982291,0.3,5895.44751029178,0.15,150,5,0.12888888888888891,1.189991433796861,3.609211030365581,0.0
mtd_ai,200,0.005024536402982291,0.3191489361702128,7258.60021039009,0.2,150,5,0.12888888888888891,1.189991433796861,3.609211030365581,0.0
mtd_ai,200,0.005024536402982291,0.3232758620689655,8708.429455770554,0.25,150,5,0.12888888888888891,1.189991433796861,3.609211030365581,0.0
mtd_ai,200,0.005068436624683316,0.3,2492.54268407562,0.05,150,5,0.21428571428571427,0.5066027592311824,2.109862953241248,0.0
mtd_ai,200,0.005068436624683316,0.38461538461538464,3399.5279878868823,0.1,150,5,0.21428571428571427,0.5066027592311824,2.109862953241248,0.0
mtd_ai,200,0.005068436624683316,0.39473684210526316,5019.929142640015,0.15,150,5,0.21428571428571427,0.5066027592311824,2.109862953241248,0.0
mtd_ai,200,0.005068436624683316,0.4411764705882353,5536.69372268096,0.2,150,5,0.21428571428571427,0.5066027592311824,2.109862953241248,0.0
mtd_ai,200,0.005068436624683316,0.4807692307692308,5965.98718628912,0.25,150,5,0.21428571428571427,0.5066027592311824,2.109862953241248,0.0
mtd_ai,200,0.0050784766943997835,0.375,1819.865303349658,0.05,150,5,0.12222222222222222,0.21250169875281003,0.6370772746668879,0.0
mtd_ai,200,0.0050784766943997835,0.4838709677419355,2408.801873589565,0.1,150,5,0.12222222222222222,0.21250169875281003,0.6370772746668879,0.0
mtd_ai,200,0.0050784766943997835,0.45918367346938777,3724.557860466081,0.15,150,5,0.12222222222222222,0.21250169875281003,0.6370772746668879,0.0
mtd_ai,200,0.0050784766943997835,0.4411764705882353,4465.164578643542,0.2,150,5,0.12222222222222222,0.21250169875281003,0.6370772746668879,0.0
mtd_ai,200,0.0050784766943997835,0.45180722891566266,5226.547510092709,0.25,150,5,0.12222222222222222,0.21250169875281003,0.6370772746668879,0.0
mtd_ai,200,0.005063971561536023,0.4166666666666667,1715.2727145344402,0.05,150,5,0.07066666666666667,0.22179167815205145,0.7326252292433296,0.0
mtd_ai,200,0.005063971561536023,0.40540540540540543,3315.126684878146,0.1,150,5,0.07066666666666667,0.22179167815205145,0.7326252292433296,0.0
mtd_ai,200,0.005063971561536023,0.42452830188679247,5206.352497966243,0.15,150,5,0.07066666666666667,0.22179167815205145,0.7326252292433296,0.0
mtd_ai,200,0.005063971561536023,0.47619047619047616,5659.808848212323,0.2,150,5,0.07066666666666667,0.22179167815205145,0.7326252292433296,0.0
mtd_ai,200,0.005063971561536023,0.4573170731707317,6915.504836240781,0.25,150,5,0.07066666666666667,0.22179167815205145,0.7326252292433296,0.0
mtd_ai,200,0.005050364835284936,0.20270270270270271,3957.150925427939,0.05,150,5,0.09333333333333334,0.6671688500004064,2.266113493714055,0.0
mtd_ai,200,0.005050364835284936,0.2830188679245283,5170.160714417355,0.1,150,5,0.09333333333333334,0.6671688500004064,2.266113493714055,0.0
mtd_ai,200,0.005050364835284936,0.36885245901639346,5711.0962733137185,0.15,150,5,0.09333333333333334,0.6671688500004064,2.266113493714055,0.0
mtd_ai,200,0.005050364835284936,0.410958904109589,6348.815332381,0.2,150,5,0.09333333333333334,0.6671688500004064,2.266113493714055,0.0
mtd_ai,200,0.005050364835284936,0.43103448275862066,7510.668235847984,0.25,150,5,0.09333333333333334,0.6671688500004064,2.266113493714055,0.0
mtd_ai,200,0.00505364205710208,0.3125,2272.6078084320384,0.05,150,5,0.108,0.09821229712627993,0.29390094909586745,0.0
mtd_ai,200,0.00505364205710208,0.35714285714285715,3996.3056611810634,0.1,150,5,0.108,0.09821229712627993,0.29390094909586745,0.0
mtd_ai,200,0.00505364205710208,0.4090909090909091,4653.700696277817,0.15,150,5,0.108,0.09821229712627993,0.29390094909586745,0.0
mtd_ai,200,0.00505364205710208,0.4411764705882353,5324.288662163293,0.2,150,5,0.108,0.09821229712627993,0.29390094909586745,0.0
mtd_ai,200,0.00505364205710208,0.4807692307692308,5804.24191256378,0.25,150,5,0.108,0.09821229712627993,0.29390094909586745,0.0
mtd_ai,200,0.005034859215590476,0.2777777777777778,2356.175169457799,0.05,150,5,0.10666666666666667,0.2580786060732219,0.7305239392201096,0.0
mtd_ai,200,0.005034859215590476,0.32608695652173914,4078.8671836361245,0.1,150,5,0.10666666666666667,0.2580786060732219,0.7305239392201096,0.0
mtd_ai,200,0.005034859215590476,0.36885245901639346,4939.618809543188,0.15,150,5,0.10666666666666667,0.2580786060732219,0.7305239392201096,0.0
mtd_ai,200,0.005034859215590476,0.38961038961038963,5870.3601700644185,0.2,150,5,0.10666666666666667,0.2580786060732219,0.7305239392201096,0.0
mtd_ai,200,0.005034859215590476,0.4032258064516129,6725.525725156651,0.25,150,5,0.10666666666666667,0.2580786060732219,0.7305239392201096,0.0
mtd_ai,200,0.005035533705868182,0.2777777777777778,2693.430496248326,0.05,150,5,0.15211111111111109,0.9011186448128639,3.9848089485628093,0.0
mtd_ai,200,0.005035533705868182,0.26785714285714285,4647.268689161849,0.1,150,5,0.15211111111111109,0.9011186448128639,3.9848089485628093,0.0
mtd_ai,200,0.005035533705868182,0.33088235294117646,5495.816449389953,0.15,150,5,0.15211111111111109,0.9011186448128639,3.9848089485628093,0.0
mtd_ai,200,0.005035533705868182,0.379746835443038,6076.757782120987,0.2,150,5,0.15211111111111109,0.9011186448128639,3.9848089485628093,0.0
mtd_ai,200,0.005035533705868182,0.41208791208791207,6706.387967884457,0.25,150,5,0.15211111111111109,0.9011186448128639,3.9848089485628093,0.0
mtd_ai,200,0.00507432554119762,0.3409090909090909,2032.0435450445045,0.05,150,5,0.13555555555555554,0.007618522756417312,0.002121082169068071,0.0
mtd_ai,200,0.00507432554119762,0.38461538461538464,3578.3431653756925,0.1,150,5,0.13555555555555554,0.007618522756417312,0.002121082169068071,0.0
mtd_ai,200,0.00507432554119762,0.45918367346938777,4160.404024851735,0.15,150,5,0.13555555555555554,0.007618522756417312,0.002121082169068071,0.0
mtd_ai,200,0.00507432554119762,0.45454545454545453,5579.576918061913,0.2,150,5,0.13555555555555554,0.007618522756417312,0.002121082169068071,0.0
mtd_ai,200,0.00507432554119762,0.5136986301369864,5797.550702155858,0.25,150,5,0.13555555555555554,0.007618522756417312,0.002121082169068071,0.0
mtd_ai,200,0.005051467296775485,0.32608695652173914,2373.1710588217247,0.05,150,5,0.12833333333333333,0.6971064901727715,3.106665135712908,0.0
mtd_ai,200,0.005051467296775485,0.39473684210526316,3384.1640448779476,0.1,150,5,0.12833333333333333,0.6971064901727715,3.106665135712908,0.0
mtd_ai,200,0.005051467296775485,0.4326923076923077,4602.020543466925,0.15,150,5,0.12833333333333333,0.6971064901727715,3.106665135712908,0.0
mtd_ai,200,0.005051467296775485,0.44776119402985076,5334.704954491945,0.2,150,5,0.12833333333333333,0.6971064901727715,3.106665135712908,0.0
mtd_ai,200,0.005051467296775485,0.47468354430379744,5774.447226924134,0.25,150,5,0.12833333333333333,0.6971064901727715,3.106665135712908,0.0
mtd_ai,200,0.0050759393129924,0.4166666666666667,1689.024857919323,0.05,150,5,0.1411111111111111,0.28924734636949373,0.9882194782096593,0.0
mtd_ai,200,0.0050759393129924,0.42857142857142855,3128.1554565320303,0.1,150,5,0.1411111111111111,0.28924734636949373,0.9882194782096593,0.0
mtd_ai,200,0.0050759393129924,0.46875,3986.7627389024346,0.15,150,5,0.1411111111111111,0.28924734636949373,0.9882194782096593,0.0
mtd_ai,200,0.0050759393129924,0.4918032786885246,4768.050648597344,0.2,150,5,0.1411111111111111,0.28924734636949373,0.9882194782096593,0.0
mtd_ai,200,0.0050759393129924,0.5357142857142857,5360.261008161843,0.25,150,5,0.1411111111111111,0.28924734636949373,0.9882194782096593,0.0
mtd_ai,200,0.005044204176968522,0.3125,2473.476260636742,0.05,150,5,0.1297777777777778,0.03640170730475345,0.15145108738383886,0.0
mtd_ai,200,0.005044204176968522,0.39473684210526316,3203.514091012142,0.1,150,5,0.1297777777777778,0.03640170730475345,0.15145108738383886,0.0
mtd_ai,200,0.005044204176968522,0.4787234042553192,3611.7016286875687,0.15,150,5,0.1297777777777778,0.03640170730475345,0.15145108738383886,0.0
mtd_ai,200,0.005044204176968522,0.46875,5126.056550926886,0.2,150,5,0.1297777777777778,0.03640170730475345,0.15145108738383886,0.0
mtd_ai,200,0.005044204176968522,0.528169014084507,5381.926134927698,0.25,150,5,0.1297777777777778,0.03640170730475345,0.15145108738383886,0.0
mtd_ai,200,0.005037805610927261,0.3,2904.203274302335,0.05,150,5,0.11988888888888889,0.38154049644289173,1.1812695311106691,0.0
mtd_ai,200,0.005037805610927261,0.3,5400.376369510221,0.1,150,5,0.11988888888888889,0.38154049644289173,1.1812695311106691,0.0
mtd_ai,200,0.005037805610927261,0.34615384615384615,6285.713760988661,0.15,150,5,0.11988888888888889,0.38154049644289173,1.1812695311106691,0.0
mtd_ai,200,0.005037805610927261,0.39473684210526316,6888.935066478582,0.2,150,5,0.11988888888888889,0.38154049644289173,1.1812695311106691,0.0
mtd_ai,200,0.005037805610927261,0.4411764705882353,7376.1468951158,0.25,150,5,0.11988888888888889,0.38154049644289173,1.1812695311106691,0.0
mtd_ai,200,0.005031321007255875,0.26785714285714285,2871.00207649194,0.05,150,5,0.1248888888888889,0.6297637051978566,1.8626767856050948,0.0
mtd_ai,200,0.005031321007255875,0.375,3861.5848743912684,0.1,150,5,0.1248888888888889,0.6297637051978566,1.8626767856050948,0.0
mtd_ai,200,0.005031321007255875,0.39473684210526316,5453.32502025193,0.15,150,5,0.1248888888888889,0.6297637051978566,1.8626767856050948,0.0
mtd_ai,200,0.005031321007255875,0.40540540540540543,6399.276161072903,0.2,150,5,0.1248888888888889,0.6297637051978566,1.8626767856050948,0.0
mtd_ai,200,0.005031321007255875,0.4166666666666667,7097.11419133253,0.25,150,5,0.1248888888888889,0.6297637051978566,1.8626767856050948,0.0
mtd_ai,200,0.005035961487501892,0.3125,2414.258639998522,0.05,150,5,0.1377777777777778,0.26311703607104137,1.1467129310544293,0.0
mtd_ai,200,0.005035961487501892,0.3,3700.2446497291703,0.1,150,5,0.1377777777777778,0.26311703607104137,1.1467129310544293,0.0
mtd_ai,200,0.005035961487501892,0.32608695652173914,5901.346821628495,0.15,150,5,0.1377777777777778,0.26311703607104137,1.1467129310544293,0.0
mtd_ai,200,0.005035961487501892,0.3614457831325301,6636.474132664356,0.2,150,5,0.1377777777777778,0.26311703607104137,1.1467129310544293,0.0
mtd_ai,200,0.005035961487501892,0.41208791208791207,6838.78101176412,0.25,150,5,0.1377777777777778,0.26311703607104137,1.1467129310544293,0.0
mtd_ai,200,0.005060563217787922,0.20270270270270271,3668.85802766549,0.05,150,5,0.13333333333333333,0.8201158139051679,3.576596146204314,0.0
mtd_ai,200,0.005060563217787922,0.26785714285714285,5455.400516539273,0.1,150,5,0.13333333333333333,0.8201158139051679,3.576596146204314,0.0
mtd_ai,200,0.005060563217787922,0.34615384615384615,5922.673545641975,0.15,150,5,0.13333333333333333,0.8201158139051679,3.576596146204314,0.0
mtd_ai,200,0.005060563217787922,0.4,6463.858539302054,0.2,150,5,0.13333333333333333,0.8201158139051679,3.576596146204314,0.0
mtd_ai,200,0.005060563217787922,0.436046511627907,6939.43890459864,0.25,150,5,0.13333333333333333,0.8201158139051679,3.576596146204314,0.0
mtd_ai,200,0.0050499640495574585,0.3125,1935.3234555571498,0.05,150,5,0.095,1.7022766429201681,2.1450717128673173,0.0
mtd_ai,200,0.0050499640495574585,0.38461538461538464,3320.152736608757,0.1,150,5,0.095,1.7022766429201681,2.1450717128673173,0.0
mtd_ai,200,0.0050499640495574585,0.4326923076923077,4025.3623817264174,0.15,150,5,0.095,1.7022766429201681,2.1450717128673173,0.0
mtd_ai,200,0.0050499640495574585,0.45454545454545453,5198.531748847783,0.2,150,5,0.095,1.7022766429201681,2.1450717128673173,0.0
mtd_ai,200,0.0050499640495574585,0.4934210526315789,5708.710841113119,0.25,150,5,0.095,1.7022766429201681,2.1450717128673173,0.0
mtd_ai,200,0.005060791572179188,0.46875,1340.8200282560147,0.05,150,5,0.17904761904761904,0.4959878261257139,1.0226372682273224,0.0
mtd_ai,200,0.005060791572179188,0.5555555555555556,2144.0738510508645,0.1,150,5,0.17904761904761904,0.4959878261257139,1.0226372682273224,0.0
mtd_ai,200,0.005060791572179188,0.5625,3058.346609408605,0.15,150,5,0.17904761904761904,0.4959878261257139,1.0226372682273224,0.0
mtd_ai,200,0.005060791572179188,0.6122448979591837,3520.551570634745,0.2,150,5,0.17904761904761904,0.4959878261257139,1.0226372682273224,0.0
mtd_ai,200,0.005060791572179188,0.5859375,4857.30841842946,0.25,150,5,0.17904761904761904,0.4959878261257139,1.0226372682273224,0.0
mtd_ai,200,0.005057403382586264,0.25862068965517243,2610.452967955522,0.05,150,5,0.11866666666666667,0.38631977357001845,1.2261407762624772,0.0
mtd_ai,200,0.005057403382586264,0.2830188679245283,4082.660181956499,0.1,150,5,0.11866666666666667,0.38631977357001845,1.2261407762624772,0.0
mtd_ai,200,0.005057403382586264,0.3358208955223881,4745.83905914776,0.15,150,5,0.11866666666666667,0.38631977357001845,1.2261407762624772,0.0
mtd_ai,200,0.005057403382586264,0.36585365853658536,6140.396541313603,0.2,150,5,0.11866666666666667,0.38631977357001845,1.2261407762624772,0.0
mtd_ai,200,0.005057403382586264,0.39893617021276595,6968.8365646984985,0.25,150,5,0.11866666666666667,0.38631977357001845,1.2261407762624772,0.0
mtd_ai,200,0.0050756405416766265,0.35714285714285715,1613.207801645137,0.05,150,5,0.16755555555555554,0.6573269381135751,2.909547496387406,0.0
mtd_ai,200,0.0050756405416766265,0.29411764705882354,3952.0307878539743,0.1,150,5,0.16755555555555554,0.6573269381135751,2.909547496387406,0.0
mtd_ai,200,0.0050756405416766265,0.3813559322033898,4257.25713257901,0.15,150,5,0.16755555555555554,0.6573269381135751,2.909547496387406,0.0
mtd_ai,200,0.0050756405416766265,0.410958904109589,5175.2126837028845,0.2,150,5,0.16755555555555554,0.6573269381135751,2.909547496387406,0.0
mtd_ai,200,0.0050756405416766265,0.4573170731707317,5697.276442299215,0.25,150,5,0.16755555555555554,0.6573269381135751,2.909547496387406,0.0
mtd_ai,200,0.005039192826973315,0.3409090909090909,1901.2382315662971,0.05,150,5,0.13438095238095238,2.1356744161865313,5.62527202290998,0.0
mtd_ai,200,0.005039192826973315,0.32608695652173914,4334.801653095227,0.1,150,5,0.13438095238095238,2.1356744161865313,5.62527202290998,0.0
mtd_ai,200,0.005039192826973315,0.36885245901639346,5667.63525752886,0.15,150,5,0.13438095238095238,2.1356744161865313,5.62527202290998,0.0
mtd_ai,200,0.005039192826973315,0.410958904109589,6591.062882319011,0.2,150,5,0.13438095238095238,2.1356744161865313,5.62527202290998,0.0
mtd_ai,200,0.005039192826973315,0.4573170731707317,6985.128875074715,0.25,150,5,0.13438095238095238,2.1356744161865313,5.62527202290998,0.0
mtd_ai,200,0.005071396428574409,0.28846153846153844,1747.452604311642,0.05,150,5,0.14444444444444446,0.9439834594502235,3.655705191140787,0.0
mtd_ai,200,0.005071396428574409,0.3409090909090909,3523.9397679474587,0.1,150,5,0.14444444444444446,0.9439834594502235,3.655705191140787,0.0
mtd_ai,200,0.005071396428574409,0.4017857142857143,4138.858352155683,0.15,150,5,0.14444444444444446,0.9439834594502235,3.655705191140787,0.0
mtd_ai,200,0.005071396428574409,0.42857142857142855,4862.155893097144,0.2,150,5,0.14444444444444446,0.9439834594502235,3.655705191140787,0.0
mtd_ai,200,0.005071396428574409,0.42613636363636365,6501.493849600144,0.25,150,5,0.14444444444444446,0.9439834594502235,3.655705191140787,0.0
mtd_ai,200,0.005067424691221354,0.39473684210526316,1509.4011081354072,0.05,150,5,0.10866666666666668,0.81926058859897,3.472962220340676,0.0
mtd_ai,200,0.005067424691221354,0.42857142857142855,2490.110352007554,0.1,150,5,0.10866666666666668,0.81926058859897,3.472962220340676,0.0
mtd_ai,200,0.005067424691221354,0.5113636363636364,3125.7480767880506,0.15,150,5,0.10866666666666668,0.81926058859897,3.472962220340676,0.0
mtd_ai,200,0.005067424691221354,0.5454545454545454,3696.6856547871143,0.2,150,5,0.10866666666666668,0.81926058859897,3.472962220340676,0.0
mtd_ai,200,0.005067424691221354,0.5681818181818182,4204.303089420369,0.25,150,5,0.10866666666666668,0.81926058859897,3.472962220340676,0.0
mtd_ai,200,0.005037857168627653,0.375,1838.3374563184295,0.05,150,5,0.11333333333333333,6.997492541477832,1.6935665978387058,0.0
mtd_ai,200,0.005037857168627653,0.40540540540540543,3338.095979278447,0.1,150,5,0.11333333333333333,6.997492541477832,1.6935665978387058,0.0
mtd_ai,200,0.005037857168627653,0.42452830188679247,4743.8357263244325,0.15,150,5,0.11333333333333333,6.997492541477832,1.6935665978387058,0.0
mtd_ai,200,0.005037857168627653,0.4411764705882353,5794.987953273901,0.2,150,5,0.11333333333333333,6.997492541477832,1.6935665978387058,0.0
mtd_ai,200,0.005037857168627653,0.5,6200.065326154965,0.25,150,5,0.11333333333333333,6.997492541477832,1.6935665978387058,0.0
mtd_ai,200,0.005043582791720742,0.2777777777777778,2412.2136358653506,0.05,150,5,0.12555555555555556,0.6987273088928948,2.6121020437778766,0.0
mtd_ai,200,0.005043582791720742,0.32608695652173914,4087.3909782022456,0.1,150,5,0.12555555555555556,0.6987273088928948,2.6121020437778766,0.0
mtd_ai,200,0.005043582791720742,0.3813559322033898,4564.7298984597055,0.15,150,5,0.12555555555555556,0.6987273088928948,2.6121020437778766,0.0
mtd_ai,200,0.005043582791720742,0.40540540540540543,5321.995484559686,0.2,150,5,0.12555555555555556,0.6987273088928948,2.6121020437778766,0.0
mtd_ai,200,0.005043582791720742,0.4411764705882353,5701.656959435518,0.25,150,5,0.12555555555555556,0.6987273088928948,2.6121020437778766,0.0
mtd_ai,200,0.005062490164394608,0.3125,1693.7054612368936,0.05,150,5,0.12911111111111112,0.07939509784440965,0.04080531440724137,0.0
mtd_ai,200,0.005062490164394608,0.30612244897959184,4418.883348545758,0.1,150,5,0.12911111111111112,0.07939509784440965,0.04080531440724137,0.0
mtd_ai,200,0.005062490164394608,0.375,5137.854863474295,0.15,150,5,0.12911111111111112,0.07939509784440965,0.04080531440724137,0.0
mtd_ai,200,0.005062490164394608,0.4166666666666667,5596.0563392139,0.2,150,5,0.12911111111111112,0.07939509784440965,0.04080531440724137,0.0
mtd_ai,200,0.005062490164394608,0.4411764705882353,6393.509911494833,0.25,150,5,0.12911111111111112,0.07939509784440965,0.04080531440724137,0.0
mtd_ai,200,0.005057598646973729,0.20833333333333334,3411.1792482595097,0.05,150,5,0.13555555555555557,2.0593376529461818,5.736107411818709,0.0
mtd_ai,200,0.005057598646973729,0.3,4132.343296804638,0.1,150,5,0.13555555555555557,2.0593376529461818,5.736107411818709,0.0
mtd_ai,200,0.005057598646973729,0.35714285714285715,5239.886258335562,0.15,150,5,0.13555555555555557,2.0593376529461818,5.736107411818709,0.0
mtd_ai,200,0.005057598646973729,0.38961038961038963,6293.604864563689,0.2,150,5,0.13555555555555557,2.0593376529461818,5.736107411818709,0.0
mtd_ai,200,0.005057598646973729,0.42613636363636365,6961.279247839585,0.25,150,5,0.13555555555555557,2.0593376529461818,5.736107411818709,0.0
mtd_ai,200,0.00505816024818132,0.4411764705882353,1663.458319166803,0.05,150,5,0.09111111111111111,1.4333050059103276,3.7780669051914875,0.0
mtd_ai,200,0.00505816024818132,0.3333333333333333,4256.114342079267,0.1,150,5,0.09111111111111111,1.4333050059103276,3.7780669051914875,0.0
mtd_ai,200,0.00505816024818132,0.3409090909090909,5900.222167521009,0.15,150,5,0.09111111111111111,1.4333050059103276,3.7780669051914875,0.0
mtd_ai,200,0.00505816024818132,0.3409090909090909,6890.699066934252,0.2,150,5,0.09111111111111111,1.4333050059103276,3.7780669051914875,0.0
mtd_ai,200,0.00505816024818132,0.36764705882352944,7326.785531024536,0.25,150,5,0.09111111111111111,1.4333050059103276,3.7780669051914875,0.0
mtd_ai,200,0.0050378197383632575,0.3125,2503.1881825254786,0.05,150,5,0.12166666666666667,1.5359571314730285,2.661461787806383,0.0
mtd_ai,200,0.0050378197383632575,0.375,3570.9519545562716,0.1,150,5,0.12166666666666667,1.5359571314730285,2.661461787806383,0.0
mtd_ai,200,0.0050378197383632575,0.4017857142857143,5284.622201271735,0.15,150,5,0.12166666666666667,1.5359571314730285,2.661461787806383,0.0
mtd_ai,200,0.0050378197383632575,0.410958904109589,6102.936937680146,0.2,150,5,0.12166666666666667,1.5359571314730285,2.661461787806383,0.0
mtd_ai,200,0.0050378197383632575,0.44642857142857145,6745.251915815018,0.25,150,5,0.12166666666666667,1.5359571314730285,2.661461787806383,0.0
mtd_ai,200,0.005074698955157811,0.4166666666666667,2132.547153054359,0.05,150,5,0.14285714285714285,0.6651213645067025,1.9591369629470812,0.0
mtd_ai,200,0.005074698955157811,0.5,2809.1393914593627,0.1,150,5,0.14285714285714285,0.6651213645067025,1.9591369629470812,0.0
mtd_ai,200,0.005074698955157811,0.5,4189.514144528121,0.15,150,5,0.14285714285714285,0.6651213645067025,1.9591369629470812,0.0
mtd_ai,200,0.005074698955157811,0.5172413793103449,4791.277929007496,0.2,150,5,0.14285714285714285,0.6651213645067025,1.9591369629470812,0.0
mtd_ai,200,0.005074698955157811,0.5208333333333334,5685.454533175976,0.25,150,5,0.14285714285714285,0.6651213645067025,1.9591369629470812,0.0
mtd_ai,200,0.005037762910529271,0.21428571428571427,3585.791867109122,0.05,150,5,0.13333333333333333,1.5266987483749395,1.851189032659637,4.620689655172414
mtd_ai,200,0.005037762910529271,0.30612244897959184,4401.719432353228,0.1,150,5,0.13333333333333333,1.5266987483749395,1.851189032659637,4.620689655172414
mtd_ai,200,0.005037762910529271,0.3629032258064516,4983.178114867295,0.15,150,5,0.13333333333333333,1.5266987483749395,1.851189032659637,4.620689655172414
mtd_ai,200,0.005037762910529271,0.39473684210526316,5785.728535340175,0.2,150,5,0.13333333333333333,1.5266987483749395,1.851189032659637,4.620689655172414
mtd_ai,200,0.005037762910529271,0.436046511627907,6227.966880277229,0.25,150,5,0.13333333333333333,1.5266987483749395,1.851189032659637,4.620689655172414
mtd_ai,200,0.005038035540764556,0.4166666666666667,1670.5167162893192,0.05,150,5,0.14777777777777779,0.8858711909290929,2.106957214065794,0.0
mtd_ai,200,0.005038035540764556,0.4411764705882353,2756.6236739214255,0.1,150,5,0.14777777777777779,0.8858711909290929,2.106957214065794,0.0
mtd_ai,200,0.005038035540764556,0.45,4211.573425610308,0.15,150,5,0.14777777777777779,0.8858711909290929,2.106957214065794,0.0
mtd_ai,200,0.005038035540764556,0.4166666666666667,5547.131180255479,0.2,150,5,0.14777777777777779,0.8858711909290929,2.106957214065794,0.0
mtd_ai,200,0.005038035540764556,0.44642857142857145,6485.9548011547395,0.25,150,5,0.14777777777777779,0.8858711909290929,2.106957214065794,0.0
mtd_ai,200,0.005077247804785971,0.2777777777777778,2206.570244460625,0.05,150,5,0.15566666666666665,2.3956320106823057,5.9302170679501645,0.0
mtd_ai,200,0.005077247804785971,0.36585365853658536,3131.3447400562072,0.1,150,5,0.15566666666666665,2.3956320106823057,5.9302170679501645,0.0
mtd_ai,200,0.005077247804785971,0.4411764705882353,3620.1683954372156,0.15,150,5,0.15566666666666665,2.3956320106823057,5.9302170679501645,0.0
mtd_ai,200,0.005077247804785971,0.46875,4311.373897681054,0.2,150,5,0.15566666666666665,2.3956320106823057,5.9302170679501645,0.0
mtd_ai,200,0.005077247804785971,0.4807692307692308,5287.6012352396265,0.25,150,5,0.15566666666666665,2.3956320106823057,5.9302170679501645,0.0
mtd_ai,200,0.005084926726211843,0.375,1710.1458832363126,0.05,150,5,0.08064516129032258,0.9117525831294914,3.758511393810597,0.0
mtd_ai,200,0.005084926726211843,0.42857142857142855,2660.048177916319,0.1,150,5,0.08064516129032258,0.9117525831294914,3.758511393810597,0.0
mtd_ai,200,0.005084926726211843,0.46875,3294.5079211294765,0.15,150,5,0.08064516129032258,0.9117525831294914,3.758511393810597,0.0
mtd_ai,200,0.005084926726211843,0.46875,4173.655400413687,0.2,150,5,0.08064516129032258,0.9117525831294914,3.758511393810597,0.0
mtd_ai,200,0.005084926726211843,0.487012987012987,5015.654480733174,0.25,150,5,0.08064516129032258,0.9117525831294914,3.758511393810597,0.0
mtd_ai,200,0.005034188258016853,0.46875,1383.664945262751,0.05,150,5,0.1524444444444444,0.8196127517346063,0.28988102589792064,0.0
mtd_ai,200,0.005034188258016853,0.36585365853658536,2963.7774635548476,0.1,150,5,0.1524444444444444,0.8196127517346063,0.28988102589792064,0.0
mtd_ai,200,0.005034188258016853,0.39473684210526316,3689.062181921384,0.15,150,5,0.1524444444444444,0.8196127517346063,0.28988102589792064,0.0
mtd_ai,200,0.005034188258016853,0.38461538461538464,5578.107283889869,0.2,150,5,0.1524444444444444,0.8196127517346063,0.28988102589792064,0.0
mtd_ai,200,0.005034188258016853,0.4032258064516129,6563.98595803086,0.25,150,5,0.1524444444444444,0.8196127517346063,0.28988102589792064,0.0
mtd_ai,200,0.005053822044502094,0.35714285714285715,2011.8917693853598,0.05,150,5,0.09333333333333334,1.6124009829283212,3.6658127769558937,0.0
mtd_ai,200,0.005053822044502094,0.42857142857142855,3005.1713742997554,0.1,150,5,0.09333333333333334,1.6124009829283212,3.6658127769558937,0.0
mtd_ai,200,0.005053822044502094,0.46875,3490.8696597332855,0.15,150,5,0.09333333333333334,1.6124009829283212,3.6658127769558937,0.0
mtd_ai,200,0.005053822044502094,0.5,4147.839543245766,0.2,150,5,0.09333333333333334,1.6124009829283212,3.6658127769558937,0.0
mtd_ai,200,0.005053822044502094,0.5208333333333334,4932.138670224498,0.25,150,5,0.09333333333333334,1.6124009829283212,3.6658127769558937,0.0
mtd_ai,200,0.005078311701392788,0.28846153846153844,2689.8695941237484,0.05,150,5,0.09333333333333334,0.5976356382158464,0.3664472901829055,0.0
mtd_ai,200,0.005078311701392788,0.375,3487.565942562851,0.1,150,5,0.09333333333333334,0.5976356382158464,0.3664472901829055,0.0
mtd_ai,200,0.005078311701392788,0.4017857142857143,4577.621737022872,0.15,150,5,0.09333333333333334,0.5976356382158464,0.3664472901829055,0.0
mtd_ai,200,0.005078311701392788,0.44776119402985076,5166.677892212768,0.2,150,5,0.09333333333333334,0.5976356382158464,0.3664472901829055,0.0
mtd_ai,200,0.005078311701392788,0.487012987012987,5627.955242190853,0.25,150,5,0.09333333333333334,0.5976356382158464,0.3664472901829055,0.0
mtd_ai,200,0.005069144263377428,0.32608695652173914,2807.84687120612,0.05,150,5,0.15111111111111108,0.2547920994406908,0.9156458103906352,0.0
mtd_ai,200,0.005069144263377428,0.40540540540540543,3923.6063674476604,0.1,150,5,0.15111111111111108,0.2547920994406908,0.9156458103906352,0.0
mtd_ai,200,0.005069144263377428,0.4787234042553192,4503.227593035379,0.15,150,5,0.15111111111111108,0.2547920994406908,0.9156458103906352,0.0
mtd_ai,200,0.005069144263377428,0.47619047619047616,5356.394515494523,0.2,150,5,0.15111111111111108,0.2547920994406908,0.9156458103906352,0.0
mtd_ai,200,0.005069144263377428,0.4934210526315789,6170.9352613655055,0.25,150,5,0.15111111111111108,0.2547920994406908,0.9156458103906352,0.0
mtd_ai,200,0.005072191810886571,0.22727272727272727,3235.9133700933403,0.05,150,5,0.112,6.313131190983508,8.019070345801934,0.0
mtd_ai,200,0.005072191810886571,0.3125,4081.1075269919384,0.1,150,5,0.112,6.313131190983508,8.019070345801934,0.0
mtd_ai,200,0.005072191810886571,0.3629032258064516,5100.227063796271,0.15,150,5,0.112,6.313131190983508,8.019070345801934,0.0
mtd_ai,200,0.005072191810886571,0.38461538461538464,6159.840733362394,0.2,150,5,0.112,6.313131190983508,8.019070345801934,0.0
mtd_ai,200,0.005072191810886571,0.42613636363636365,6526.221291509069,0.25,150,5,0.112,6.313131190983508,8.019070345801934,0.0
mtd_ai,200,0.005044237663312531,0.4166666666666667,1987.0453778760784,0.05,150,5,0.1275,0.6683617543560133,2.763138562405357,0.0
mtd_ai,200,0.005044237663312531,0.42857142857142855,3675.253804011063,0.1,150,5,0.1275,0.6683617543560133,2.763138562405357,0.0
mtd_ai,200,0.005044237663312531,0.45918367346938777,4433.361052545181,0.15,150,5,0.1275,0.6683617543560133,2.763138562405357,0.0
mtd_ai,200,0.005044237663312531,0.4918032786885246,5162.633014045262,0.2,150,5,0.1275,0.6683617543560133,2.763138562405357,0.0
mtd_ai,200,0.005044237663312531,0.5357142857142857,5613.670194345104,0.25,150,5,0.1275,0.6683617543560133,2.763138562405357,0.0
mtd_ai,200,0.005031844384677243,0.25862068965517243,2811.513191414364,0.05,150,5,0.14666666666666667,0.13532930233652382,0.45460678528194837,0.0
mtd_ai,200,0.005031844384677243,0.28846153846153844,4976.816932659029,0.1,150,5,0.14666666666666667,0.13532930233652382,0.45460678528194837,0.0
mtd_ai,200,0.005031844384677243,0.3358208955223881,5751.375239024468,0.15,150,5,0.14666666666666667,0.13532930233652382,0.45460678528194837,0.0
mtd_ai,200,0.005031844384677243,0.36585365853658536,6602.751485171179,0.2,150,5,0.14666666666666667,0.13532930233652382,0.45460678528194837,0.0
mtd_ai,200,0.005031844384677243,0.390625,7157.618382094084,0.25,150,5,0.14666666666666667,0.13532930233652382,0.45460678528194837,0.0
mtd_ai,200,0.0050464369347410125,0.375,1876.863562402653,0.05,150,5,0.11666666666666667,1.0403317780497772,2.9212931020479416,0.0
mtd_ai,200,0.0050464369347410125,0.39473684210526316,2985.425205305485,0.1,150,5,0.11666666666666667,1.0403317780497772,2.9212931020479416,0.0
mtd_ai,200,0.0050464369347410125,0.4411764705882353,3696.4933773440785,0.15,150,5,0.11666666666666667,1.0403317780497772,2.9212931020479416,0.0
mtd_ai,200,0.0050464369347410125,0.46153846153846156,4600.475694100327,0.2,150,5,0.11666666666666667,1.0403317780497772,2.9212931020479416,0.0
mtd_ai,200,0.0050464369347410125,0.5136986301369864,5214.9804380373735,0.25,150,5,0.11666666666666667,1.0403317780497772,2.9212931020479416,0.0
mtd_ai,200,0.0050712576445454535,0.35714285714285715,1912.4515842550531,0.05,150,5,0.12833333333333333,1.1494685381978842,2.385549932918021,0.0
mtd_ai,200,0.0050712576445454535,0.40540540540540543,2803.2131106123093,0.1,150,5,0.12833333333333333,1.1494685381978842,2.385549932918021,0.0
mtd_ai,200,0.0050712576445454535,0.4090909090909091,4746.394332396183,0.15,150,5,0.12833333333333333,1.1494685381978842,2.385549932918021,0.0
mtd_ai,200,0.0050712576445454535,0.4411764705882353,5458.1002897331655,0.2,150,5,0.12833333333333333,1.1494685381978842,2.385549932918021,0.0
mtd_ai,200,0.0050712576445454535,0.4807692307692308,5859.0739010746565,0.25,150,5,0.12833333333333333,1.1494685381978842,2.385549932918021,0.0
mtd_ai,200,0.005038431744612974,0.35714285714285715,1927.0204685947922,0.05,150,5,0.13833333333333334,0.35748106786939254,1.3449269699280695,0.0
mtd_ai,200,0.005038431744612974,0.40540540540540543,3196.503182099231,0.1,150,5,0.13833333333333334,0.35748106786939254,1.3449269699280695,0.0
mtd_ai,200,0.005038431744612974,0.45,4042.4250653188437,0.15,150,5,0.13833333333333334,0.35748106786939254,1.3449269699280695,0.0
mtd_ai,200,0.005038431744612974,0.4225352112676056,5468.542432676525,0.2,150,5,0.13833333333333334,0.35748106786939254,1.3449269699280695,0.0
mtd_ai,200,0.005038431744612974,0.41208791208791207,6352.094114524559,0.25,150,5,0.13833333333333334,0.35748106786939254,1.3449269699280695,0.0
mtd_ai,200,0.0050413811486206,0.2777777777777778,2402.7830613490287,0.05,150,5,0.11666666666666667,0.005620718922514145,0.023231768222978313,0.0
mtd_ai,200,0.0050413811486206,0.3125,3529.5962175958603,0.1,150,5,0.11666666666666667,0.005620718922514145,0.023231768222978313,0.0
mtd_ai,200,0.0050413811486206,0.36885245901639346,4244.09164591756,0.15,150,5,0.11666666666666667,0.005620718922514145,0.023231768222978313,0.0
mtd_ai,200,0.0050413811486206,0.4166666666666667,4882.963203854849,0.2,150,5,0.11666666666666667,0.005620718922514145,0.023231768222978313,0.0
mtd_ai,200,0.0050413811486206,0.4573170731707317,5377.325243556018,0.25,150,5,0.11666666666666667,0.005620718922514145,0.023231768222978313,0.0
mtd_ai,200,0.005058831739721828,0.32608695652173914,2568.5123338261483,0.05,150,5,0.12222222222222223,0.578811064816476,2.0178507420052125,0.0
mtd_ai,200,0.005058831739721828,0.30612244897959184,5605.5463322115975,0.1,150,5,0.12222222222222223,0.578811064816476,2.0178507420052125,0.0
mtd_ai,200,0.005058831739721828,0.39473684210526316,6111.694245140496,0.15,150,5,0.12222222222222223,0.578811064816476,2.0178507420052125,0.0
mtd_ai,200,0.005058831739721828,0.4166666666666667,6848.677352820279,0.2,150,5,0.12222222222222223,0.578811064816476,2.0178507420052125,0.0
mtd_ai,200,0.005058831739721828,0.46875,7060.81380357639,0.25,150,5,0.12222222222222223,0.578811064816476,2.0178507420052125,0.0
mtd_ai,200,0.00504134785855858,0.26785714285714285,2739.255461842058,0.05,150,5,0.16,0.38690527346009196,1.3481688722464804,0.0
mtd_ai,200,0.00504134785855858,0.36585365853658536,3537.8638667619352,0.1,150,5,0.16,0.38690527346009196,1.3481688722464804,0.0
mtd_ai,200,0.00504134785855858,0.42452830188679247,4362.446975372066,0.15,150,5,0.16,0.38690527346009196,1.3481688722464804,0.0
mtd_ai,200,0.00504134785855858,0.46875,5011.131468919676,0.2,150,5,0.16,0.38690527346009196,1.3481688722464804,0.0
mtd_ai,200,0.00504134785855858,0.4807692307692308,5900.636693834229,0.25,150,5,0.16,0.38690527346009196,1.3481688722464804,0.0
mtd_ai,200,0.0050421100282241425,0.21428571428571427,2927.8095625626293,0.05,150,5,0.16222222222222224,1.1276202194640308,4.256482833234531,0.0
mtd_ai,200,0.0050421100282241425,0.30612244897959184,3731.9680866515796,0.1,150,5,0.16222222222222224,1.1276202194640308,4.256482833234531,0.0
mtd_ai,200,0.0050421100282241425,0.36885245901639346,4470.960849647277,0.15,150,5,0.16222222222222224,1.1276202194640308,4.256482833234531,0.0
mtd_ai,200,0.0050421100282241425,0.375,5587.952988798215,0.2,150,5,0.16222222222222224,1.1276202194640308,4.256482833234531,0.0
mtd_ai,200,0.0050421100282241425,0.42613636363636365,5944.433172470158,0.25,150,5,0.16222222222222224,1.1276202194640308,4.256482833234531,0.0
mtd_ai,200,0.005038788480384084,0.3409090909090909,1722.741551102316,0.05,150,5,0.09,0.4065236083612309,1.4907736471747701,0.0
mtd_ai,200,0.005038788480384084,0.38461538461538464,3392.708315993495,0.1,150,5,0.09,0.4065236083612309,1.4907736471747701,0.0
mtd_ai,200,0.005038788480384084,0.4017857142857143,4872.774883230288,0.15,150,5,0.09,0.4065236083612309,1.4907736471747701,0.0
mtd_ai,200,0.005038788480384084,0.43478260869565216,5752.702925528827,0.2,150,5,0.09,0.4065236083612309,1.4907736471747701,0.0
mtd_ai,200,0.005038788480384084,0.47468354430379744,6089.848903986891,0.25,150,5,0.09,0.4065236083612309,1.4907736471747701,0.0
mtd_ai,200,0.005033659841314679,0.21428571428571427,3903.0108689579192,0.05,150,5,0.13605555555555554,0.6185207942386073,2.565827892244905,0.0
mtd_ai,200,0.005033659841314679,0.3125,4838.159249357714,0.1,150,5,0.13605555555555554,0.6185207942386073,2.565827892244905,0.0
mtd_ai,200,0.005033659841314679,0.34615384615384615,6164.98757421886,0.15,150,5,0.13605555555555554,0.6185207942386073,2.565827892244905,0.0
mtd_ai,200,0.005033659841314679,0.40540540540540543,6554.184866134992,0.2,150,5,0.13605555555555554,0.6185207942386073,2.565827892244905,0.0
mtd_ai,200,0.005033659841314679,0.436046511627907,7302.267887137794,0.25,150,5,0.13605555555555554,0.6185207942386073,2.565827892244905,0.0
mtd_ai,200,0.00506655220133454,0.375,1886.5004564991295,0.05,150,5,0.125,0.24162059177126788,0.8635620020087958,0.0
mtd_ai,200,0.00506655220133454,0.35714285714285715,3377.2167743368555,0.1,150,5,0.125,0.24162059177126788,0.8635620020087958,0.0
mtd_ai,200,0.00506655220133454,0.4326923076923077,3994.6345500056877,0.15,150,5,0.125,0.24162059177126788,0.8635620020087958,0.0
mtd_ai,200,0.00506655220133454,0.39473684210526316,5222.46652250877,0.2,150,5,0.125,0.24162059177126788,0.8635620020087958,0.0
mtd_ai,200,0.00506655220133454,0.42134831460674155,5792.239915767894,0.25,150,5,0.125,0.24162059177126788,0.8635620020087958,0.0
mtd_ai,200,0.005054140357264714,0.25,2258.523426978725,0.05,150,5,0.153,1.3159400921501503,3.374496233933093,0.0
mtd_ai,200,0.005054140357264714,0.35714285714285715,3472.1394808563136,0.1,150,5,0.153,1.3159400921501503,3.374496233933093,0.0
mtd_ai,200,0.005054140357264714,0.45918367346938777,4026.3569008601035,0.15,150,5,0.153,1.3159400921501503,3.374496233933093,0.0
mtd_ai,200,0.005054140357264714,0.4918032786885246,4532.882529715897,0.2,150,5,0.153,1.3159400921501503,3.374496233933093,0.0
mtd_ai,200,0.005054140357264714,0.5136986301369864,5187.552896448507,0.25,150,5,0.153,1.3159400921501503,3.374496233933093,0.0
mtd_ai,200,0.005066981086825114,0.3409090909090909,2388.653689746908,0.05,150,5,0.17183333333333334,1.628436894572037,4.441106986800802,0.0
mtd_ai,200,0.005066981086825114,0.42857142857142855,3086.673740759047,0.1,150,5,0.17183333333333334,1.628436894572037,4.441106986800802,0.0
mtd_ai,200,0.005066981086825114,0.4787234042553192,3691.775824569879,0.15,150,5,0.17183333333333334,1.628436894572037,4.441106986800802,0.0
mtd_ai,200,0.005066981086825114,0.4838709677419355,5182.391539631162,0.2,150,5,0.17183333333333334,1.628436894572037,4.441106986800802,0.0
mtd_ai,200,0.005066981086825114,0.5136986301369864,5763.839952725099,0.25,150,5,0.17183333333333334,1.628436894572037,4.441106986800802,0.0
