Name,mtd_interval,MEF,ASR,time_to_compromise,host_compromise_ratio,network_size,exposed_endpoints,attack_path_exposure,ROA,risk,shortest_path_variability,downtime_ratio,agent_time_ratio,mtd_action_ratio
mtd_ai,200,0.005068563767916725,0.4411764705882353,1534.6711856299298,0.05,150,5,0.18266666666666664,0.3407806557515958,1.427245130583308,0.0,0.2614182841082163,9.311503614416403e-05,0.8235294117647058
mtd_ai,200,0.005068563767916725,0.35714285714285715,4440.611094664553,0.1,150,5,0.18266666666666664,0.3407806557515958,1.427245130583308,0.0,0.2614182841082163,9.311503614416403e-05,0.8235294117647058
mtd_ai,200,0.005068563767916725,0.4166666666666667,5132.05504291268,0.15,150,5,0.18266666666666664,0.3407806557515958,1.427245130583308,0.0,0.2614182841082163,9.311503614416403e-05,0.8235294117647058
mtd_ai,200,0.005068563767916725,0.42857142857142855,5877.621730009749,0.2,150,5,0.18266666666666664,0.3407806557515958,1.427245130583308,0.0,0.2614182841082163,9.311503614416403e-05,0.8235294117647058
mtd_ai,200,0.005068563767916725,0.42613636363636365,6606.680859844775,0.25,150,5,0.18266666666666664,0.3407806557515958,1.427245130583308,0.0,0.2614182841082163,9.311503614416403e-05,0.8235294117647058
mtd_ai,200,0.005037169044142274,0.22058823529411764,3563.025562761227,0.05,150,5,0.12166666666666667,0.6282583245859623,2.7967211094683315,0.0,0.3811449112277174,0.00011959382210539687,0.8653846153846154
mtd_ai,200,0.005037169044142274,0.2727272727272727,4598.0345049404505,0.1,150,5,0.12166666666666667,0.6282583245859623,2.7967211094683315,0.0,0.3811449112277174,0.00011959382210539687,0.8653846153846154
mtd_ai,200,0.005037169044142274,0.32608695652173914,5433.757715421318,0.15,150,5,0.12166666666666667,0.6282583245859623,2.7967211094683315,0.0,0.3811449112277174,0.00011959382210539687,0.8653846153846154
mtd_ai,200,0.005037169044142274,0.35714285714285715,6010.544104767788,0.2,150,5,0.12166666666666667,0.6282583245859623,2.7967211094683315,0.0,0.3811449112277174,0.00011959382210539687,0.8653846153846154
mtd_ai,200,0.005037169044142274,0.3787878787878788,6955.611150465611,0.25,150,5,0.12166666666666667,0.6282583245859623,2.7967211094683315,0.0,0.3811449112277174,0.00011959382210539687,0.8653846153846154
mtd_ai,200,0.005064523560780558,0.26785714285714285,3643.384548711182,0.05,150,5,0.13655555555555557,1.1534170541098128,3.460423641801333,0.0,0.24736656725992368,9.67797916900571e-05,0.975609756097561
mtd_ai,200,0.005064523560780558,0.36585365853658536,4671.918504876623,0.1,150,5,0.13655555555555557,1.1534170541098128,3.460423641801333,0.0,0.24736656725992368,9.67797916900571e-05,0.975609756097561
mtd_ai,200,0.005064523560780558,0.4411764705882353,5183.639553468211,0.15,150,5,0.13655555555555557,1.1534170541098128,3.460423641801333,0.0,0.24736656725992368,9.67797916900571e-05,0.975609756097561
mtd_ai,200,0.005064523560780558,0.47619047619047616,5748.986075774876,0.2,150,5,0.13655555555555557,1.1534170541098128,3.460423641801333,0.0,0.24736656725992368,9.67797916900571e-05,0.975609756097561
mtd_ai,200,0.005064523560780558,0.5208333333333334,6217.051082576343,0.25,150,5,0.13655555555555557,1.1534170541098128,3.460423641801333,0.0,0.24736656725992368,9.67797916900571e-05,0.975609756097561
mtd_ai,200,0.005072728832584638,0.4166666666666667,1508.8566727829848,0.05,150,5,0.17222222222222222,0.6654096288849563,1.8865478168996206,0.0,0.32534363112267894,7.797781770854777e-05,0.8888888888888888
mtd_ai,200,0.005072728832584638,0.375,3500.836384367635,0.1,150,5,0.17222222222222222,0.6654096288849563,1.8865478168996206,0.0,0.32534363112267894,7.797781770854777e-05,0.8888888888888888
mtd_ai,200,0.005072728832584638,0.3629032258064516,4915.651326956287,0.15,150,5,0.17222222222222222,0.6654096288849563,1.8865478168996206,0.0,0.32534363112267894,7.797781770854777e-05,0.8888888888888888
mtd_ai,200,0.005072728832584638,0.38961038961038963,5978.101820527554,0.2,150,5,0.17222222222222222,0.6654096288849563,1.8865478168996206,0.0,0.32534363112267894,7.797781770854777e-05,0.8888888888888888
mtd_ai,200,0.005072728832584638,0.42134831460674155,6385.344660472317,0.25,150,5,0.17222222222222222,0.6654096288849563,1.8865478168996206,0.0,0.32534363112267894,7.797781770854777e-05,0.8888888888888888
mtd_ai,200,0.005067118638908122,0.35714285714285715,1998.7906859161142,0.05,150,5,0.1391111111111111,1.5449872084152445,5.3175093981154475,0.0,0.24420206927284133,0.0001283608366744314,0.8913043478260869
mtd_ai,200,0.005067118638908122,0.3409090909090909,4718.293149162658,0.1,150,5,0.1391111111111111,1.5449872084152445,5.3175093981154475,0.0,0.24420206927284133,0.0001283608366744314,0.8913043478260869
mtd_ai,200,0.005067118638908122,0.4017857142857143,5518.550371949692,0.15,150,5,0.1391111111111111,1.5449872084152445,5.3175093981154475,0.0,0.24420206927284133,0.0001283608366744314,0.8913043478260869
mtd_ai,200,0.005067118638908122,0.4411764705882353,6151.166483617555,0.2,150,5,0.1391111111111111,1.5449872084152445,5.3175093981154475,0.0,0.24420206927284133,0.0001283608366744314,0.8913043478260869
mtd_ai,200,0.005067118638908122,0.487012987012987,6605.867245056854,0.25,150,5,0.1391111111111111,1.5449872084152445,5.3175093981154475,0.0,0.24420206927284133,0.0001283608366744314,0.8913043478260869
mtd_ai,200,0.005070083439200521,0.3,2210.011588651085,0.05,150,5,0.13866666666666666,0.5484986181687064,2.1031482021226906,0.0,0.24231952961918318,7.776370727691628e-05,0.8695652173913043
mtd_ai,200,0.005070083439200521,0.3409090909090909,3638.6813124040264,0.1,150,5,0.13866666666666666,0.5484986181687064,2.1031482021226906,0.0,0.24231952961918318,7.776370727691628e-05,0.8695652173913043
mtd_ai,200,0.005070083439200521,0.3629032258064516,4903.0490092317705,0.15,150,5,0.13866666666666666,0.5484986181687064,2.1031482021226906,0.0,0.24231952961918318,7.776370727691628e-05,0.8695652173913043
mtd_ai,200,0.005070083439200521,0.4,5517.405805512259,0.2,150,5,0.13866666666666666,0.5484986181687064,2.1031482021226906,0.0,0.24231952961918318,7.776370727691628e-05,0.8695652173913043
mtd_ai,200,0.005070083439200521,0.43103448275862066,6185.268061828443,0.25,150,5,0.13866666666666666,0.5484986181687064,2.1031482021226906,0.0,0.24231952961918318,7.776370727691628e-05,0.8695652173913043
mtd_ai,200,0.005045833871666901,0.25862068965517243,2524.449173089627,0.05,150,5,0.1385185185185185,0.12209551362435413,0.38745659200193017,0.0,0.1963375935606587,6.986197960047226e-05,0.7843137254901961
mtd_ai,200,0.005045833871666901,0.2727272727272727,4477.450114793977,0.1,150,5,0.1385185185185185,0.12209551362435413,0.38745659200193017,0.0,0.1963375935606587,6.986197960047226e-05,0.7843137254901961
mtd_ai,200,0.005045833871666901,0.35714285714285715,4798.347735051644,0.15,150,5,0.1385185185185185,0.12209551362435413,0.38745659200193017,0.0,0.1963375935606587,6.986197960047226e-05,0.7843137254901961
mtd_ai,200,0.005045833871666901,0.39473684210526316,5636.401619138555,0.2,150,5,0.1385185185185185,0.12209551362435413,0.38745659200193017,0.0,0.1963375935606587,6.986197960047226e-05,0.7843137254901961
mtd_ai,200,0.005045833871666901,0.42613636363636365,6248.221147770786,0.25,150,5,0.1385185185185185,0.12209551362435413,0.38745659200193017,0.0,0.1963375935606587,6.986197960047226e-05,0.7843137254901961
mtd_ai,200,0.005025723304643406,0.19736842105263158,3977.6881877519963,0.05,150,5,0.17933333333333332,0.2687763355272324,1.0069042111735007,3.7222222222222223,0.22272202841941469,7.733595185531274e-05,0.819672131147541
mtd_ai,200,0.005025723304643406,0.234375,5463.6896032980785,0.1,150,5,0.17933333333333332,0.2687763355272324,1.0069042111735007,3.7222222222222223,0.22272202841941469,7.733595185531274e-05,0.819672131147541
mtd_ai,200,0.005025723304643406,0.29605263157894735,6193.321147230223,0.15,150,5,0.17933333333333332,0.2687763355272324,1.0069042111735007,3.7222222222222223,0.22272202841941469,7.733595185531274e-05,0.819672131147541
mtd_ai,200,0.005025723304643406,0.30612244897959184,7556.911693181808,0.2,150,5,0.17933333333333332,0.2687763355272324,1.0069042111735007,3.7222222222222223,0.22272202841941469,7.733595185531274e-05,0.819672131147541
mtd_ai,200,0.005025723304643406,0.3472222222222222,7891.634975015568,0.25,150,5,0.17933333333333332,0.2687763355272324,1.0069042111735007,3.7222222222222223,0.22272202841941469,7.733595185531274e-05,0.819672131147541
mtd_ai,200,0.005065010281017909,0.26785714285714285,2509.208993967516,0.05,150,5,0.10027777777777777,0.5388618758433301,1.0051168484361503,0.0,0.3191080185233754,0.00011230606758685121,0.8260869565217391
mtd_ai,200,0.005065010281017909,0.30612244897959184,4538.855074000713,0.1,150,5,0.10027777777777777,0.5388618758433301,1.0051168484361503,0.0,0.3191080185233754,0.00011230606758685121,0.8260869565217391
mtd_ai,200,0.005065010281017909,0.39473684210526316,5070.992544145616,0.15,150,5,0.10027777777777777,0.5388618758433301,1.0051168484361503,0.0,0.3191080185233754,0.00011230606758685121,0.8260869565217391
mtd_ai,200,0.005065010281017909,0.43478260869565216,5820.634510656868,0.2,150,5,0.10027777777777777,0.5388618758433301,1.0051168484361503,0.0,0.3191080185233754,0.00011230606758685121,0.8260869565217391
mtd_ai,200,0.005065010281017909,0.4934210526315789,6146.963897405785,0.25,150,5,0.10027777777777777,0.5388618758433301,1.0051168484361503,0.0,0.3191080185233754,0.00011230606758685121,0.8260869565217391
mtd_ai,200,0.005099681565436323,0.46875,1204.1219586617628,0.05,150,5,0.14288888888888887,0.023712287134447996,0.0982864204407712,0.0,0.17214171521489005,7.97390479786512e-05,0.90625
mtd_ai,200,0.005099681565436323,0.46875,2442.4098463747982,0.1,150,5,0.14288888888888887,0.023712287134447996,0.0982864204407712,0.0,0.17214171521489005,7.97390479786512e-05,0.90625
mtd_ai,200,0.005099681565436323,0.5,3268.3251555764364,0.15,150,5,0.14288888888888887,0.023712287134447996,0.0982864204407712,0.0,0.17214171521489005,7.97390479786512e-05,0.90625
mtd_ai,200,0.005099681565436323,0.5357142857142857,3938.833166860826,0.2,150,5,0.14288888888888887,0.023712287134447996,0.0982864204407712,0.0,0.17214171521489005,7.97390479786512e-05,0.90625
mtd_ai,200,0.005099681565436323,0.5681818181818182,4425.900187669716,0.25,150,5,0.14288888888888887,0.023712287134447996,0.0982864204407712,0.0,0.17214171521489005,7.97390479786512e-05,0.90625
mtd_ai,200,0.005068202794027044,0.3409090909090909,2071.4911459581854,0.05,150,5,0.13333333333333333,0.30112765662771257,1.3412258761791254,0.0,0.24881930290075635,8.379243453466826e-05,0.82
mtd_ai,200,0.005068202794027044,0.3488372093023256,4145.263553794549,0.1,150,5,0.13333333333333333,0.30112765662771257,1.3412258761791254,0.0,0.24881930290075635,8.379243453466826e-05,0.82
mtd_ai,200,0.005068202794027044,0.4326923076923077,4408.60811022321,0.15,150,5,0.13333333333333333,0.30112765662771257,1.3412258761791254,0.0,0.24881930290075635,8.379243453466826e-05,0.82
mtd_ai,200,0.005068202794027044,0.43478260869565216,5610.754411641649,0.2,150,5,0.13333333333333333,0.30112765662771257,1.3412258761791254,0.0,0.24881930290075635,8.379243453466826e-05,0.82
mtd_ai,200,0.005068202794027044,0.46296296296296297,6257.579929795447,0.25,150,5,0.13333333333333333,0.30112765662771257,1.3412258761791254,0.0,0.24881930290075635,8.379243453466826e-05,0.82
mtd_ai,200,0.005054557335541094,0.24193548387096775,3704.0393817379336,0.05,150,5,0.11833333333333333,1.8915677915515468,4.729270779979134,0.0,0.23170759669096652,8.60399804371792e-05,0.7619047619047619
mtd_ai,200,0.005054557335541094,0.2727272727272727,5955.923499678487,0.1,150,5,0.11833333333333333,1.8915677915515468,4.729270779979134,0.0,0.23170759669096652,8.60399804371792e-05,0.7619047619047619
mtd_ai,200,0.005054557335541094,0.33088235294117646,6660.370090622462,0.15,150,5,0.11833333333333333,1.8915677915515468,4.729270779979134,0.0,0.23170759669096652,8.60399804371792e-05,0.7619047619047619
mtd_ai,200,0.005054557335541094,0.36585365853658536,7507.856109021619,0.2,150,5,0.11833333333333333,1.8915677915515468,4.729270779979134,0.0,0.23170759669096652,8.60399804371792e-05,0.7619047619047619
mtd_ai,200,0.005054557335541094,0.41208791208791207,7871.879485466243,0.25,150,5,0.11833333333333333,1.8915677915515468,4.729270779979134,0.0,0.23170759669096652,8.60399804371792e-05,0.7619047619047619
mtd_ai,200,0.005038733683060155,0.22058823529411764,3803.153724125827,0.05,150,5,0.15344444444444447,0.8057509666407195,2.0092607487440053,0.0,0.2372548862608433,0.00010267239074897279,0.8035714285714286
mtd_ai,200,0.005038733683060155,0.29411764705882354,5134.249437485452,0.1,150,5,0.15344444444444447,0.8057509666407195,2.0092607487440053,0.0,0.2372548862608433,0.00010267239074897279,0.8035714285714286
mtd_ai,200,0.005038733683060155,0.3358208955223881,6353.22349164254,0.15,150,5,0.15344444444444447,0.8057509666407195,2.0092607487440053,0.0,0.2372548862608433,0.00010267239074897279,0.8035714285714286
mtd_ai,200,0.005038733683060155,0.38961038961038963,6750.466205455033,0.2,150,5,0.15344444444444447,0.8057509666407195,2.0092607487440053,0.0,0.2372548862608433,0.00010267239074897279,0.8035714285714286
mtd_ai,200,0.005038733683060155,0.43103448275862066,7112.368233030689,0.25,150,5,0.15344444444444447,0.8057509666407195,2.0092607487440053,0.0,0.2372548862608433,0.00010267239074897279,0.8035714285714286
mtd_ai,200,0.005042050358395934,0.375,2042.2656987411942,0.05,150,5,0.08333333333333333,0.9353878209658669,2.7491116226519177,-4.3125,0.2701969340092029,9.200957545069089e-05,0.7321428571428571
mtd_ai,200,0.005042050358395934,0.39473684210526316,3465.9046422573297,0.1,150,5,0.08333333333333333,0.9353878209658669,2.7491116226519177,-4.3125,0.2701969340092029,9.200957545069089e-05,0.7321428571428571
mtd_ai,200,0.005042050358395934,0.36885245901639346,5472.460227586809,0.15,150,5,0.08333333333333333,0.9353878209658669,2.7491116226519177,-4.3125,0.2701969340092029,9.200957545069089e-05,0.7321428571428571
mtd_ai,200,0.005042050358395934,0.410958904109589,6067.584030615544,0.2,150,5,0.08333333333333333,0.9353878209658669,2.7491116226519177,-4.3125,0.2701969340092029,9.200957545069089e-05,0.7321428571428571
mtd_ai,200,0.005042050358395934,0.45180722891566266,6590.72599444978,0.25,150,5,0.08333333333333333,0.9353878209658669,2.7491116226519177,-4.3125,0.2701969340092029,9.200957545069089e-05,0.7321428571428571
mtd_ai,200,0.005064799297092063,0.35714285714285715,1949.279400770836,0.05,150,5,0.09333333333333334,0.5517656428444493,0.9018324277668277,0.0,0.2834071730028892,0.0006110904229534294,0.8157894736842105
mtd_ai,200,0.005064799297092063,0.46875,2726.9693924281673,0.1,150,5,0.09333333333333334,0.5517656428444493,0.9018324277668277,0.0,0.2834071730028892,0.0006110904229534294,0.8157894736842105
mtd_ai,200,0.005064799297092063,0.5113636363636364,3871.117783380868,0.15,150,5,0.09333333333333334,0.5517656428444493,0.9018324277668277,0.0,0.2834071730028892,0.0006110904229534294,0.8157894736842105
mtd_ai,200,0.005064799297092063,0.5357142857142857,4542.833462212486,0.2,150,5,0.09333333333333334,0.5517656428444493,0.9018324277668277,0.0,0.2834071730028892,0.0006110904229534294,0.8157894736842105
mtd_ai,200,0.005064799297092063,0.5769230769230769,4876.643117914788,0.25,150,5,0.09333333333333334,0.5517656428444493,0.9018324277668277,0.0,0.2834071730028892,0.0006110904229534294,0.8157894736842105
mtd_ai,200,0.00507748426830297,0.3125,2415.4108988844837,0.05,150,5,0.14333333333333334,0.8902808381341414,2.903129506310632,0.0,0.22156952587120293,8.358737671224019e-05,0.6981132075471698
mtd_ai,200,0.00507748426830297,0.4411764705882353,2973.9782944170547,0.1,150,5,0.14333333333333334,0.8902808381341414,2.903129506310632,0.0,0.22156952587120293,8.358737671224019e-05,0.6981132075471698
mtd_ai,200,0.00507748426830297,0.4787234042553192,3821.158756422413,0.15,150,5,0.14333333333333334,0.8902808381341414,2.903129506310632,0.0,0.22156952587120293,8.358737671224019e-05,0.6981132075471698
mtd_ai,200,0.00507748426830297,0.46875,5176.437332328556,0.2,150,5,0.14333333333333334,0.8902808381341414,2.903129506310632,0.0,0.22156952587120293,8.358737671224019e-05,0.6981132075471698
mtd_ai,200,0.00507748426830297,0.5,5933.244812587116,0.25,150,5,0.14333333333333334,0.8902808381341414,2.903129506310632,0.0,0.22156952587120293,8.358737671224019e-05,0.6981132075471698
mtd_ai,200,0.005057977808805004,0.3409090909090909,1908.127040656721,0.05,150,5,0.16466666666666668,0.7749309841338666,3.05891918757617,0.0,0.21677966583038022,0.0002473471673834859,0.8035714285714286
mtd_ai,200,0.005057977808805004,0.2830188679245283,4533.753130949003,0.1,150,5,0.16466666666666668,0.7749309841338666,3.05891918757617,0.0,0.21677966583038022,0.0002473471673834859,0.8035714285714286
mtd_ai,200,0.005057977808805004,0.3125,5511.123372262056,0.15,150,5,0.16466666666666668,0.7749309841338666,3.05891918757617,0.0,0.21677966583038022,0.0002473471673834859,0.8035714285714286
mtd_ai,200,0.005057977808805004,0.3225806451612903,6621.547624237108,0.2,150,5,0.16466666666666668,0.7749309841338666,3.05891918757617,0.0,0.21677966583038022,0.0002473471673834859,0.8035714285714286
mtd_ai,200,0.005057977808805004,0.3640776699029126,7052.873288634825,0.25,150,5,0.16466666666666668,0.7749309841338666,3.05891918757617,0.0,0.21677966583038022,0.0002473471673834859,0.8035714285714286
mtd_ai,200,0.005043873792979648,0.4166666666666667,1761.468344336654,0.05,150,5,0.11,1.6333295024540646,4.89623101313631,0.0,0.21816350831764486,0.00021583438616526416,0.8723404255319149
mtd_ai,200,0.005043873792979648,0.4838709677419355,2692.0562584124527,0.1,150,5,0.11,1.6333295024540646,4.89623101313631,0.0,0.21816350831764486,0.00021583438616526416,0.8723404255319149
mtd_ai,200,0.005043873792979648,0.5,3820.9301078903895,0.15,150,5,0.11,1.6333295024540646,4.89623101313631,0.0,0.21816350831764486,0.00021583438616526416,0.8723404255319149
mtd_ai,200,0.005043873792979648,0.4838709677419355,4703.147158854574,0.2,150,5,0.11,1.6333295024540646,4.89623101313631,0.0,0.21816350831764486,0.00021583438616526416,0.8723404255319149
mtd_ai,200,0.005043873792979648,0.46296296296296297,6285.321591902209,0.25,150,5,0.11,1.6333295024540646,4.89623101313631,0.0,0.21816350831764486,0.00021583438616526416,0.8723404255319149
mtd_ai,200,0.0050689163750989455,0.24193548387096775,3463.282879694205,0.05,150,5,0.1758888888888889,0.2560691121119061,0.7581801376111357,0.0,0.2749603479087228,0.00046679290367060156,0.8163265306122449
mtd_ai,200,0.0050689163750989455,0.3333333333333333,4446.250923906084,0.1,150,5,0.1758888888888889,0.2560691121119061,0.7581801376111357,0.0,0.2749603479087228,0.00046679290367060156,0.8163265306122449
mtd_ai,200,0.0050689163750989455,0.39473684210526316,5175.016648293262,0.15,150,5,0.1758888888888889,0.2560691121119061,0.7581801376111357,0.0,0.2749603479087228,0.00046679290367060156,0.8163265306122449
mtd_ai,200,0.0050689163750989455,0.410958904109589,5774.105830106059,0.2,150,5,0.1758888888888889,0.2560691121119061,0.7581801376111357,0.0,0.2749603479087228,0.00046679290367060156,0.8163265306122449
mtd_ai,200,0.0050689163750989455,0.4573170731707317,6377.240479509721,0.25,150,5,0.1758888888888889,0.2560691121119061,0.7581801376111357,0.0,0.2749603479087228,0.00046679290367060156,0.8163265306122449
mtd_ai,200,0.005062184276918736,0.22058823529411764,4558.7145994973025,0.05,150,5,0.1111111111111111,0.8586969809192204,2.375827867156779,0.0,0.40076566060606306,0.00031955674447725727,0.7894736842105263
mtd_ai,200,0.005062184276918736,0.30612244897959184,5557.460740304657,0.1,150,5,0.1111111111111111,0.8586969809192204,2.375827867156779,0.0,0.40076566060606306,0.00031955674447725727,0.7894736842105263
mtd_ai,200,0.005062184276918736,0.375,6182.052976511591,0.15,150,5,0.1111111111111111,0.8586969809192204,2.375827867156779,0.0,0.40076566060606306,0.00031955674447725727,0.7894736842105263
mtd_ai,200,0.005062184276918736,0.4166666666666667,6863.808772954313,0.2,150,5,0.1111111111111111,0.8586969809192204,2.375827867156779,0.0,0.40076566060606306,0.00031955674447725727,0.7894736842105263
mtd_ai,200,0.005062184276918736,0.46296296296296297,7304.49223838278,0.25,150,5,0.1111111111111111,0.8586969809192204,2.375827867156779,0.0,0.40076566060606306,0.00031955674447725727,0.7894736842105263
mtd_ai,200,0.005069704837991532,0.46875,1126.1516048656447,0.05,150,5,0.1371666666666667,1.0657055312332582,3.402260496740325,0.0,0.21047326484348888,8.937744390504504e-05,0.6904761904761905
mtd_ai,200,0.005069704837991532,0.46875,2073.8961799767485,0.1,150,5,0.1371666666666667,1.0657055312332582,3.402260496740325,0.0,0.21047326484348888,8.937744390504504e-05,0.6904761904761905
mtd_ai,200,0.005069704837991532,0.45,3245.1490539191814,0.15,150,5,0.1371666666666667,1.0657055312332582,3.402260496740325,0.0,0.21047326484348888,8.937744390504504e-05,0.6904761904761905
mtd_ai,200,0.005069704837991532,0.44776119402985076,4151.371242509432,0.2,150,5,0.1371666666666667,1.0657055312332582,3.402260496740325,0.0,0.21047326484348888,8.937744390504504e-05,0.6904761904761905
mtd_ai,200,0.005069704837991532,0.487012987012987,4611.217219924776,0.25,150,5,0.1371666666666667,1.0657055312332582,3.402260496740325,0.0,0.21047326484348888,8.937744390504504e-05,0.6904761904761905
mtd_ai,200,0.005049521553952891,0.35714285714285715,1848.3300765843217,0.05,150,5,0.15222222222222223,0.7727638867773703,3.032308965516793,0.0,0.10211107321529053,6.739129203578101e-05,0.6545454545454545
mtd_ai,200,0.005049521553952891,0.4166666666666667,2805.2625638095205,0.1,150,5,0.15222222222222223,0.7727638867773703,3.032308965516793,0.0,0.10211107321529053,6.739129203578101e-05,0.6545454545454545
mtd_ai,200,0.005049521553952891,0.42452830188679247,4459.376112222823,0.15,150,5,0.15222222222222223,0.7727638867773703,3.032308965516793,0.0,0.10211107321529053,6.739129203578101e-05,0.6545454545454545
mtd_ai,200,0.005049521553952891,0.45454545454545453,5256.834518752901,0.2,150,5,0.15222222222222223,0.7727638867773703,3.032308965516793,0.0,0.10211107321529053,6.739129203578101e-05,0.6545454545454545
mtd_ai,200,0.005049521553952891,0.5,5714.674180777542,0.25,150,5,0.15222222222222223,0.7727638867773703,3.032308965516793,0.0,0.10211107321529053,6.739129203578101e-05,0.6545454545454545
mtd_ai,200,0.005094699198852676,0.35714285714285715,1923.1942495511244,0.05,150,5,0.1659814814814815,0.5500176420244728,2.3303789737950877,0.0,0.30119819592885394,7.553385312692579e-05,0.7837837837837838
mtd_ai,200,0.005094699198852676,0.46875,2713.117193858482,0.1,150,5,0.1659814814814815,0.5500176420244728,2.3303789737950877,0.0,0.30119819592885394,7.553385312692579e-05,0.7837837837837838
mtd_ai,200,0.005094699198852676,0.5357142857142857,3443.160106606392,0.15,150,5,0.1659814814814815,0.5500176420244728,2.3303789737950877,0.0,0.30119819592885394,7.553385312692579e-05,0.7837837837837838
mtd_ai,200,0.005094699198852676,0.5769230769230769,3922.9754514903107,0.2,150,5,0.1659814814814815,0.5500176420244728,2.3303789737950877,0.0,0.30119819592885394,7.553385312692579e-05,0.7837837837837838
mtd_ai,200,0.005094699198852676,0.5859375,4444.024779711466,0.25,150,5,0.1659814814814815,0.5500176420244728,2.3303789737950877,0.0,0.30119819592885394,7.553385312692579e-05,0.7837837837837838
mtd_ai,200,0.005052487609601147,0.39473684210526316,1388.1941688017394,0.05,150,5,0.13,1.7470321674249367,5.072773541087426,0.0,0.2793037618489534,8.505863032376387e-05,0.8
mtd_ai,200,0.005052487609601147,0.35714285714285715,3673.2122562997683,0.1,150,5,0.13,1.7470321674249367,5.072773541087426,0.0,0.2793037618489534,8.505863032376387e-05,0.8
mtd_ai,200,0.005052487609601147,0.4090909090909091,4794.480315957321,0.15,150,5,0.13,1.7470321674249367,5.072773541087426,0.0,0.2793037618489534,8.505863032376387e-05,0.8
mtd_ai,200,0.005052487609601147,0.46153846153846156,5191.755713860718,0.2,150,5,0.13,1.7470321674249367,5.072773541087426,0.0,0.2793037618489534,8.505863032376387e-05,0.8
mtd_ai,200,0.005052487609601147,0.5,5708.625003873466,0.25,150,5,0.13,1.7470321674249367,5.072773541087426,0.0,0.2793037618489534,8.505863032376387e-05,0.8
mtd_ai,200,0.005043382652787988,0.26785714285714285,2450.326299221691,0.05,150,5,0.13666666666666666,0.9056889712650676,3.012754844389566,4.678571428571429,0.30572208085019,9.909185799832457e-05,0.7884615384615384
mtd_ai,200,0.005043382652787988,0.3488372093023256,3367.635626678694,0.1,150,5,0.13666666666666666,0.9056889712650676,3.012754844389566,4.678571428571429,0.30572208085019,9.909185799832457e-05,0.7884615384615384
mtd_ai,200,0.005043382652787988,0.4090909090909091,4338.45136961961,0.15,150,5,0.13666666666666666,0.9056889712650676,3.012754844389566,4.678571428571429,0.30572208085019,9.909185799832457e-05,0.7884615384615384
mtd_ai,200,0.005043382652787988,0.37037037037037035,5796.3352028635,0.2,150,5,0.13666666666666666,0.9056889712650676,3.012754844389566,4.678571428571429,0.30572208085019,9.909185799832457e-05,0.7884615384615384
mtd_ai,200,0.005043382652787988,0.39893617021276595,6367.701068379074,0.25,150,5,0.13666666666666666,0.9056889712650676,3.012754844389566,4.678571428571429,0.30572208085019,9.909185799832457e-05,0.7884615384615384
mtd_ai,200,0.005068589171190383,0.4411764705882353,1729.1294873465663,0.05,150,5,0.1461111111111111,0.05309863997157085,0.22825521976763466,0.0,0.25019628072890954,8.665770760117102e-05,0.6851851851851852
mtd_ai,200,0.005068589171190383,0.4411764705882353,3107.9663863641335,0.1,150,5,0.1461111111111111,0.05309863997157085,0.22825521976763466,0.0,0.25019628072890954,8.665770760117102e-05,0.6851851851851852
mtd_ai,200,0.005068589171190383,0.5,4100.0875799674905,0.15,150,5,0.1461111111111111,0.05309863997157085,0.22825521976763466,0.0,0.25019628072890954,8.665770760117102e-05,0.6851851851851852
mtd_ai,200,0.005068589171190383,0.4918032786885246,5248.627983710347,0.2,150,5,0.1461111111111111,0.05309863997157085,0.22825521976763466,0.0,0.25019628072890954,8.665770760117102e-05,0.6851851851851852
mtd_ai,200,0.005068589171190383,0.5208333333333334,5683.264630310079,0.25,150,5,0.1461111111111111,0.05309863997157085,0.22825521976763466,0.0,0.25019628072890954,8.665770760117102e-05,0.6851851851851852
mtd_ai,200,0.0050763210698458044,0.234375,2334.940914425383,0.05,150,5,0.0,21.93915016212632,5.794045476520232,0.0,0.25476038280869995,9.086199383259616e-05,0.6981132075471698
mtd_ai,200,0.0050763210698458044,0.30612244897959184,3889.046157379685,0.1,150,5,0.0,21.93915016212632,5.794045476520232,0.0,0.25476038280869995,9.086199383259616e-05,0.6981132075471698
mtd_ai,200,0.0050763210698458044,0.36885245901639346,4593.493284428256,0.15,150,5,0.0,21.93915016212632,5.794045476520232,0.0,0.25476038280869995,9.086199383259616e-05,0.6981132075471698
mtd_ai,200,0.0050763210698458044,0.4166666666666667,5169.506659817662,0.2,150,5,0.0,21.93915016212632,5.794045476520232,0.0,0.25476038280869995,9.086199383259616e-05,0.6981132075471698
mtd_ai,200,0.0050763210698458044,0.44642857142857145,5794.371769263951,0.25,150,5,0.0,21.93915016212632,5.794045476520232,0.0,0.25476038280869995,9.086199383259616e-05,0.6981132075471698
mtd_ai,200,0.005053309356340114,0.2777777777777778,2409.028102892108,0.05,150,5,0.11933333333333332,6.6715371769945815,8.11776814535751,0.0,0.18331559427805041,5.603048588399009e-05,0.782608695652174
mtd_ai,200,0.005053309356340114,0.375,3338.5938251543266,0.1,150,5,0.11933333333333332,6.6715371769945815,8.11776814535751,0.0,0.18331559427805041,5.603048588399009e-05,0.782608695652174
mtd_ai,200,0.005053309356340114,0.4090909090909091,4453.022958668336,0.15,150,5,0.11933333333333332,6.6715371769945815,8.11776814535751,0.0,0.18331559427805041,5.603048588399009e-05,0.782608695652174
mtd_ai,200,0.005053309356340114,0.46875,4758.908198859066,0.2,150,5,0.11933333333333332,6.6715371769945815,8.11776814535751,0.0,0.18331559427805041,5.603048588399009e-05,0.782608695652174
mtd_ai,200,0.005053309356340114,0.5067567567567568,5491.8569642425,0.25,150,5,0.11933333333333332,6.6715371769945815,8.11776814535751,0.0,0.18331559427805041,5.603048588399009e-05,0.782608695652174
mtd_ai,200,0.005047900867389078,0.3,2804.3096593765185,0.05,150,5,0.2631578947368421,5.44038113443046,6.173707311067599,0.0,0.3208424722983272,9.5444043621315e-05,0.9069767441860465
mtd_ai,200,0.005047900867389078,0.38461538461538464,3857.64435008729,0.1,150,5,0.2631578947368421,5.44038113443046,6.173707311067599,0.0,0.3208424722983272,9.5444043621315e-05,0.9069767441860465
mtd_ai,200,0.005047900867389078,0.4326923076923077,4831.272932659888,0.15,150,5,0.2631578947368421,5.44038113443046,6.173707311067599,0.0,0.3208424722983272,9.5444043621315e-05,0.9069767441860465
mtd_ai,200,0.005047900867389078,0.47619047619047616,5442.475108960059,0.2,150,5,0.2631578947368421,5.44038113443046,6.173707311067599,0.0,0.3208424722983272,9.5444043621315e-05,0.9069767441860465
mtd_ai,200,0.005047900867389078,0.47468354430379744,6219.379422140093,0.25,150,5,0.2631578947368421,5.44038113443046,6.173707311067599,0.0,0.3208424722983272,9.5444043621315e-05,0.9069767441860465
mtd_ai,200,0.005070964363445585,0.5,1182.3784285137217,0.05,150,5,0.1188888888888889,0.36802080530705267,1.6397367845137525,0.0,0.17016510633400206,0.0002908527226660671,0.8478260869565217
mtd_ai,200,0.005070964363445585,0.46875,2456.2859845378816,0.1,150,5,0.1188888888888889,0.36802080530705267,1.6397367845137525,0.0,0.17016510633400206,0.0002908527226660671,0.8478260869565217
mtd_ai,200,0.005070964363445585,0.4891304347826087,3657.953455917529,0.15,150,5,0.1188888888888889,0.36802080530705267,1.6397367845137525,0.0,0.17016510633400206,0.0002908527226660671,0.8478260869565217
mtd_ai,200,0.005070964363445585,0.45454545454545453,5373.140837062071,0.2,150,5,0.1188888888888889,0.36802080530705267,1.6397367845137525,0.0,0.17016510633400206,0.0002908527226660671,0.8478260869565217
mtd_ai,200,0.005070964363445585,0.47468354430379744,6005.1374611668225,0.25,150,5,0.1188888888888889,0.36802080530705267,1.6397367845137525,0.0,0.17016510633400206,0.0002908527226660671,0.8478260869565217
mtd_ai,200,0.005064391454659695,0.32608695652173914,2599.497066760606,0.05,150,5,0.13222222222222224,0.2518999186252839,0.3668104205877013,0.0,0.23324345610692393,0.00010825404429638725,0.78
mtd_ai,200,0.005064391454659695,0.375,4079.2870007392567,0.1,150,5,0.13222222222222224,0.2518999186252839,0.3668104205877013,0.0,0.23324345610692393,0.00010825404429638725,0.78
mtd_ai,200,0.005064391454659695,0.39473684210526316,4825.285464141448,0.15,150,5,0.13222222222222224,0.2518999186252839,0.3668104205877013,0.0,0.23324345610692393,0.00010825404429638725,0.78
mtd_ai,200,0.005064391454659695,0.43478260869565216,5530.987189277277,0.2,150,5,0.13222222222222224,0.2518999186252839,0.3668104205877013,0.0,0.23324345610692393,0.00010825404429638725,0.78
mtd_ai,200,0.005064391454659695,0.46875,6160.5372317169695,0.25,150,5,0.13222222222222224,0.2518999186252839,0.3668104205877013,0.0,0.23324345610692393,0.00010825404429638725,0.78
mtd_ai,200,0.005044043217492933,0.3,2727.3156677487527,0.05,150,5,0.09277777777777778,7.320038497689414,7.118232718370731,0.0,0.18756547073154,9.920745207710561e-05,0.8043478260869565
mtd_ai,200,0.005044043217492933,0.38461538461538464,3892.6121715356703,0.1,150,5,0.09277777777777778,7.320038497689414,7.118232718370731,0.0,0.18756547073154,9.920745207710561e-05,0.8043478260869565
mtd_ai,200,0.005044043217492933,0.45918367346938777,4510.432749699855,0.15,150,5,0.09277777777777778,7.320038497689414,7.118232718370731,0.0,0.18756547073154,9.920745207710561e-05,0.8043478260869565
mtd_ai,200,0.005044043217492933,0.46153846153846156,5151.530292254928,0.2,150,5,0.09277777777777778,7.320038497689414,7.118232718370731,0.0,0.18756547073154,9.920745207710561e-05,0.8043478260869565
mtd_ai,200,0.005044043217492933,0.4934210526315789,5854.96498943495,0.25,150,5,0.09277777777777778,7.320038497689414,7.118232718370731,0.0,0.18756547073154,9.920745207710561e-05,0.8043478260869565
mtd_ai,200,0.0050536360028407,0.3,3148.502924584385,0.05,150,5,0.10111111111111111,0.5261698035851673,1.4167617771329872,5.230769230769231,0.30017304646726656,0.00013719207657041175,0.68
mtd_ai,200,0.0050536360028407,0.375,4476.569083478567,0.1,150,5,0.10111111111111111,0.5261698035851673,1.4167617771329872,5.230769230769231,0.30017304646726656,0.00013719207657041175,0.68
mtd_ai,200,0.0050536360028407,0.45918367346938777,4907.760873252517,0.15,150,5,0.10111111111111111,0.5261698035851673,1.4167617771329872,5.230769230769231,0.30017304646726656,0.00013719207657041175,0.68
mtd_ai,200,0.0050536360028407,0.5,5295.262519484492,0.2,150,5,0.10111111111111111,0.5261698035851673,1.4167617771329872,5.230769230769231,0.30017304646726656,0.00013719207657041175,0.68
mtd_ai,200,0.0050536360028407,0.5514705882352942,5604.416359236319,0.25,150,5,0.10111111111111111,0.5261698035851673,1.4167617771329872,5.230769230769231,0.30017304646726656,0.00013719207657041175,0.68
mtd_ai,200,0.00505056645111427,0.3125,2535.4047998367164,0.05,150,5,0.10166666666666667,0.25585650076392363,0.9786587807521098,0.0,0.1849867466986155,5.9918050708840804e-05,0.7708333333333334
mtd_ai,200,0.00505056645111427,0.39473684210526316,3192.7948691008314,0.1,150,5,0.10166666666666667,0.25585650076392363,0.9786587807521098,0.0,0.1849867466986155,5.9918050708840804e-05,0.7708333333333334
mtd_ai,200,0.00505056645111427,0.42452830188679247,4359.132779441535,0.15,150,5,0.10166666666666667,0.25585650076392363,0.9786587807521098,0.0,0.1849867466986155,5.9918050708840804e-05,0.7708333333333334
mtd_ai,200,0.00505056645111427,0.4411764705882353,5686.152372164248,0.2,150,5,0.10166666666666667,0.25585650076392363,0.9786587807521098,0.0,0.1849867466986155,5.9918050708840804e-05,0.7708333333333334
mtd_ai,200,0.00505056645111427,0.5,5865.609804811201,0.25,150,5,0.10166666666666667,0.25585650076392363,0.9786587807521098,0.0,0.1849867466986155,5.9918050708840804e-05,0.7708333333333334
mtd_ai,200,0.005042328173434379,0.24193548387096775,3455.2029938993655,0.05,150,5,0.126,2.0391295414431285,4.348423349797114,0.0,0.26429512229491187,0.0007027389139169987,0.8235294117647058
mtd_ai,200,0.005042328173434379,0.30612244897959184,4683.384827050426,0.1,150,5,0.126,2.0391295414431285,4.348423349797114,0.0,0.26429512229491187,0.0007027389139169987,0.8235294117647058
mtd_ai,200,0.005042328173434379,0.3629032258064516,5600.252347609427,0.15,150,5,0.126,2.0391295414431285,4.348423349797114,0.0,0.26429512229491187,0.0007027389139169987,0.8235294117647058
mtd_ai,200,0.005042328173434379,0.40540540540540543,6344.037777835015,0.2,150,5,0.126,2.0391295414431285,4.348423349797114,0.0,0.26429512229491187,0.0007027389139169987,0.8235294117647058
mtd_ai,200,0.005042328173434379,0.45180722891566266,6699.843513103775,0.25,150,5,0.126,2.0391295414431285,4.348423349797114,0.0,0.26429512229491187,0.0007027389139169987,0.8235294117647058
mtd_ai,200,0.005050460095747803,0.3125,1935.0815869302521,0.05,150,5,0.14277777777777778,0.4121462344643565,1.1376595291033333,0.0,0.25427880005240955,0.00011340905939732611,0.813953488372093
mtd_ai,200,0.005050460095747803,0.36585365853658536,3396.2632263521773,0.1,150,5,0.14277777777777778,0.4121462344643565,1.1376595291033333,0.0,0.25427880005240955,0.00011340905939732611,0.813953488372093
mtd_ai,200,0.005050460095747803,0.4017857142857143,4239.890616629099,0.15,150,5,0.14277777777777778,0.4121462344643565,1.1376595291033333,0.0,0.25427880005240955,0.00011340905939732611,0.813953488372093
mtd_ai,200,0.005050460095747803,0.43478260869565216,4819.576085055271,0.2,150,5,0.14277777777777778,0.4121462344643565,1.1376595291033333,0.0,0.25427880005240955,0.00011340905939732611,0.813953488372093
mtd_ai,200,0.005050460095747803,0.4573170731707317,5440.376829106711,0.25,150,5,0.14277777777777778,0.4121462344643565,1.1376595291033333,0.0,0.25427880005240955,0.00011340905939732611,0.813953488372093
mtd_ai,200,0.00503267853136578,0.20833333333333334,4582.297326192109,0.05,150,5,0.14444444444444446,0.046984419809878,0.17161778844780023,0.0,0.29007481959188697,0.00011365011202099193,0.6984126984126984
mtd_ai,200,0.00503267853136578,0.28846153846153844,5527.920829966688,0.1,150,5,0.14444444444444446,0.046984419809878,0.17161778844780023,0.0,0.29007481959188697,0.00011365011202099193,0.6984126984126984
mtd_ai,200,0.00503267853136578,0.3515625,6020.6847739251625,0.15,150,5,0.14444444444444446,0.046984419809878,0.17161778844780023,0.0,0.29007481959188697,0.00011365011202099193,0.6984126984126984
mtd_ai,200,0.00503267853136578,0.379746835443038,6723.350693374268,0.2,150,5,0.14444444444444446,0.046984419809878,0.17161778844780023,0.0,0.29007481959188697,0.00011365011202099193,0.6984126984126984
mtd_ai,200,0.00503267853136578,0.4166666666666667,7058.010135700173,0.25,150,5,0.14444444444444446,0.046984419809878,0.17161778844780023,0.0,0.29007481959188697,0.00011365011202099193,0.6984126984126984
mtd_ai,200,0.005075595954096382,0.32608695652173914,2183.455291451958,0.05,150,5,0.117,1.124898592971351,4.184743323789493,0.0,0.13702479222821784,5.971842007156557e-05,0.8125
mtd_ai,200,0.005075595954096382,0.3333333333333333,3842.561329050446,0.1,150,5,0.117,1.124898592971351,4.184743323789493,0.0,0.13702479222821784,5.971842007156557e-05,0.8125
mtd_ai,200,0.005075595954096382,0.4017857142857143,4294.758629160875,0.15,150,5,0.117,1.124898592971351,4.184743323789493,0.0,0.13702479222821784,5.971842007156557e-05,0.8125
mtd_ai,200,0.005075595954096382,0.4166666666666667,5170.011840636773,0.2,150,5,0.117,1.124898592971351,4.184743323789493,0.0,0.13702479222821784,5.971842007156557e-05,0.8125
mtd_ai,200,0.005075595954096382,0.436046511627907,5846.640250034061,0.25,150,5,0.117,1.124898592971351,4.184743323789493,0.0,0.13702479222821784,5.971842007156557e-05,0.8125
mtd_ai,200,0.005063289996000692,0.3409090909090909,2123.739486501693,0.05,150,5,0.16833333333333333,0.10868123982216975,0.3618049894568146,0.0,0.21793755295252293,0.0003946491490844024,0.8666666666666667
mtd_ai,200,0.005063289996000692,0.39473684210526316,3000.540738927385,0.1,150,5,0.16833333333333333,0.10868123982216975,0.3618049894568146,0.0,0.21793755295252293,0.0003946491490844024,0.8666666666666667
mtd_ai,200,0.005063289996000692,0.4166666666666667,4377.742508627958,0.15,150,5,0.16833333333333333,0.10868123982216975,0.3618049894568146,0.0,0.21793755295252293,0.0003946491490844024,0.8666666666666667
mtd_ai,200,0.005063289996000692,0.4411764705882353,5776.544243125572,0.2,150,5,0.16833333333333333,0.10868123982216975,0.3618049894568146,0.0,0.21793755295252293,0.0003946491490844024,0.8666666666666667
mtd_ai,200,0.005063289996000692,0.4807692307692308,6130.219738382685,0.25,150,5,0.16833333333333333,0.10868123982216975,0.3618049894568146,0.0,0.21793755295252293,0.0003946491490844024,0.8666666666666667
mtd_ai,200,0.005039508036697142,0.25862068965517243,2325.3378512938484,0.05,150,5,0.17,0.3900261553671998,1.434565208827126,0.0,0.25221182531754216,7.230176123166216e-05,0.9473684210526315
mtd_ai,200,0.005039508036697142,0.3333333333333333,3452.3114581329237,0.1,150,5,0.17,0.3900261553671998,1.434565208827126,0.0,0.25221182531754216,7.230176123166216e-05,0.9473684210526315
mtd_ai,200,0.005039508036697142,0.4017857142857143,4291.8074033633975,0.15,150,5,0.17,0.3900261553671998,1.434565208827126,0.0,0.25221182531754216,7.230176123166216e-05,0.9473684210526315
mtd_ai,200,0.005039508036697142,0.410958904109589,5157.3275953682705,0.2,150,5,0.17,0.3900261553671998,1.434565208827126,0.0,0.25221182531754216,7.230176123166216e-05,0.9473684210526315
mtd_ai,200,0.005039508036697142,0.4573170731707317,5530.108203119835,0.25,150,5,0.17,0.3900261553671998,1.434565208827126,0.0,0.25221182531754216,7.230176123166216e-05,0.9473684210526315
mtd_ai,200,0.00506882658100641,0.35714285714285715,1820.6475249035946,0.05,150,5,0.14222222222222222,0.05747769309537836,0.1946562844545289,0.0,0.2991351745426401,9.017275342106091e-05,0.8
mtd_ai,200,0.00506882658100641,0.32608695652173914,4652.247995256358,0.1,150,5,0.14222222222222222,0.05747769309537836,0.1946562844545289,0.0,0.2991351745426401,9.017275342106091e-05,0.8
mtd_ai,200,0.00506882658100641,0.35714285714285715,5875.760733267182,0.15,150,5,0.14222222222222222,0.05747769309537836,0.1946562844545289,0.0,0.2991351745426401,9.017275342106091e-05,0.8
mtd_ai,200,0.00506882658100641,0.4166666666666667,6089.760827970875,0.2,150,5,0.14222222222222222,0.05747769309537836,0.1946562844545289,0.0,0.2991351745426401,9.017275342106091e-05,0.8
mtd_ai,200,0.00506882658100641,0.4573170731707317,6383.418574570111,0.25,150,5,0.14222222222222222,0.05747769309537836,0.1946562844545289,0.0,0.2991351745426401,9.017275342106091e-05,0.8
mtd_ai,200,0.005072717150287868,0.26785714285714285,2195.6865736311765,0.05,150,5,0.10888888888888891,1.07012976928395,0.7443530552489229,0.0,0.09857033591741783,3.000116095526938e-05,0.8571428571428571
mtd_ai,200,0.005072717150287868,0.35714285714285715,3429.1565489719496,0.1,150,5,0.10888888888888891,1.07012976928395,0.7443530552489229,0.0,0.09857033591741783,3.000116095526938e-05,0.8571428571428571
mtd_ai,200,0.005072717150287868,0.39473684210526316,4053.8858799388818,0.15,150,5,0.10888888888888891,1.07012976928395,0.7443530552489229,0.0,0.09857033591741783,3.000116095526938e-05,0.8571428571428571
mtd_ai,200,0.005072717150287868,0.39473684210526316,5269.350423027362,0.2,150,5,0.10888888888888891,1.07012976928395,0.7443530552489229,0.0,0.09857033591741783,3.000116095526938e-05,0.8571428571428571
mtd_ai,200,0.005072717150287868,0.4411764705882353,5660.3267343651405,0.25,150,5,0.10888888888888891,1.07012976928395,0.7443530552489229,0.0,0.09857033591741783,3.000116095526938e-05,0.8571428571428571
mtd_ai,200,0.005038148104285419,0.20833333333333334,3269.732816878728,0.05,150,5,0.16404761904761905,0.31805162606980525,1.1639394201793762,0.0,0.20034262376150633,7.06394695359947e-05,0.7857142857142857
mtd_ai,200,0.005038148104285419,0.26785714285714285,4364.688163963035,0.1,150,5,0.16404761904761905,0.31805162606980525,1.1639394201793762,0.0,0.20034262376150633,7.06394695359947e-05,0.7857142857142857
mtd_ai,200,0.005038148104285419,0.29605263157894735,5428.338867256505,0.15,150,5,0.16404761904761905,0.31805162606980525,1.1639394201793762,0.0,0.20034262376150633,7.06394695359947e-05,0.7857142857142857
mtd_ai,200,0.005038148104285419,0.32967032967032966,6390.869570033094,0.2,150,5,0.16404761904761905,0.31805162606980525,1.1639394201793762,0.0,0.20034262376150633,7.06394695359947e-05,0.7857142857142857
mtd_ai,200,0.005038148104285419,0.3787878787878788,6831.12382901827,0.25,150,5,0.16404761904761905,0.31805162606980525,1.1639394201793762,0.0,0.20034262376150633,7.06394695359947e-05,0.7857142857142857
mtd_ai,200,0.005060009590302224,0.3125,2136.797374557981,0.05,150,5,0.10585714285714286,1.2187243840964306,3.3415882830398393,0.0,0.21153907951777967,5.785802601934614e-05,0.75
mtd_ai,200,0.005060009590302224,0.35714285714285715,3384.8378209199873,0.1,150,5,0.10585714285714286,1.2187243840964306,3.3415882830398393,0.0,0.21153907951777967,5.785802601934614e-05,0.75
mtd_ai,200,0.005060009590302224,0.4326923076923077,4145.195054110092,0.15,150,5,0.10585714285714286,1.2187243840964306,3.3415882830398393,0.0,0.21153907951777967,5.785802601934614e-05,0.75
mtd_ai,200,0.005060009590302224,0.4225352112676056,5888.606549114054,0.2,150,5,0.10585714285714286,1.2187243840964306,3.3415882830398393,0.0,0.21153907951777967,5.785802601934614e-05,0.75
mtd_ai,200,0.005060009590302224,0.436046511627907,6589.10709290345,0.25,150,5,0.10585714285714286,1.2187243840964306,3.3415882830398393,0.0,0.21153907951777967,5.785802601934614e-05,0.75
mtd_ai,200,0.005052036949590263,0.25,3764.947446641355,0.05,150,5,0.14200000000000002,0.22692688990534274,0.675672127863261,0.0,0.16987145063394404,8.41444741863913e-05,0.7966101694915254
mtd_ai,200,0.005052036949590263,0.35714285714285715,4321.219683751273,0.1,150,5,0.14200000000000002,0.22692688990534274,0.675672127863261,0.0,0.16987145063394404,8.41444741863913e-05,0.7966101694915254
mtd_ai,200,0.005052036949590263,0.4017857142857143,5540.496264077627,0.15,150,5,0.14200000000000002,0.22692688990534274,0.675672127863261,0.0,0.16987145063394404,8.41444741863913e-05,0.7966101694915254
mtd_ai,200,0.005052036949590263,0.410958904109589,6458.2771123595685,0.2,150,5,0.14200000000000002,0.22692688990534274,0.675672127863261,0.0,0.16987145063394404,8.41444741863913e-05,0.7966101694915254
mtd_ai,200,0.005052036949590263,0.375,7544.309035107756,0.25,150,5,0.14200000000000002,0.22692688990534274,0.675672127863261,0.0,0.16987145063394404,8.41444741863913e-05,0.7966101694915254
mtd_ai,200,0.0050610012473495496,0.3409090909090909,1715.427491848638,0.05,150,5,0.11166666666666666,0.09914710994378065,0.44325119385027517,0.0,0.3734169398123138,0.0001014201598224468,0.8214285714285714
mtd_ai,200,0.0050610012473495496,0.32608695652173914,4471.919450502985,0.1,150,5,0.11166666666666666,0.09914710994378065,0.44325119385027517,0.0,0.3734169398123138,0.0001014201598224468,0.8214285714285714
mtd_ai,200,0.0050610012473495496,0.3879310344827586,5060.53564907353,0.15,150,5,0.11166666666666666,0.09914710994378065,0.44325119385027517,0.0,0.3734169398123138,0.0001014201598224468,0.8214285714285714
mtd_ai,200,0.0050610012473495496,0.39473684210526316,6154.083453635434,0.2,150,5,0.11166666666666666,0.09914710994378065,0.44325119385027517,0.0,0.3734169398123138,0.0001014201598224468,0.8214285714285714
mtd_ai,200,0.0050610012473495496,0.4166666666666667,7292.900617400701,0.25,150,5,0.11166666666666666,0.09914710994378065,0.44325119385027517,0.0,0.3734169398123138,0.0001014201598224468,0.8214285714285714
mtd_ai,200,0.005054734020392579,0.35714285714285715,1918.0867566428883,0.05,150,5,0.21322222222222223,0.35263436717406343,0.3796309724630354,0.0,0.20035942347908475,0.000779612466733057,0.782608695652174
mtd_ai,200,0.005054734020392579,0.39473684210526316,3129.4583119630233,0.1,150,5,0.21322222222222223,0.35263436717406343,0.3796309724630354,0.0,0.20035942347908475,0.000779612466733057,0.782608695652174
mtd_ai,200,0.005054734020392579,0.45918367346938777,3913.4327660470835,0.15,150,5,0.21322222222222223,0.35263436717406343,0.3796309724630354,0.0,0.20035942347908475,0.000779612466733057,0.782608695652174
mtd_ai,200,0.005054734020392579,0.5,4458.742214824185,0.2,150,5,0.21322222222222223,0.35263436717406343,0.3796309724630354,0.0,0.20035942347908475,0.000779612466733057,0.782608695652174
mtd_ai,200,0.005054734020392579,0.4807692307692308,5662.542163440932,0.25,150,5,0.21322222222222223,0.35263436717406343,0.3796309724630354,0.0,0.20035942347908475,0.000779612466733057,0.782608695652174
mtd_ai,200,0.005078338492626564,0.32608695652173914,2101.804969580769,0.05,150,5,0.12555555555555556,0.6946982717866147,0.8715342421091116,0.0,0.11490340858786524,0.0003425226327591829,0.7906976744186046
mtd_ai,200,0.005078338492626564,0.4166666666666667,3027.6361512772555,0.1,150,5,0.12555555555555556,0.6946982717866147,0.8715342421091116,0.0,0.11490340858786524,0.0003425226327591829,0.7906976744186046
mtd_ai,200,0.005078338492626564,0.45,3840.526175412048,0.15,150,5,0.12555555555555556,0.6946982717866147,0.8715342421091116,0.0,0.11490340858786524,0.0003425226327591829,0.7906976744186046
mtd_ai,200,0.005078338492626564,0.47619047619047616,4444.299248744768,0.2,150,5,0.12555555555555556,0.6946982717866147,0.8715342421091116,0.0,0.11490340858786524,0.0003425226327591829,0.7906976744186046
mtd_ai,200,0.005078338492626564,0.487012987012987,5273.905521401772,0.25,150,5,0.12555555555555556,0.6946982717866147,0.8715342421091116,0.0,0.11490340858786524,0.0003425226327591829,0.7906976744186046
mtd_ai,200,0.005062763837774584,0.1875,2874.55170134162,0.05,150,5,0.16722222222222224,1.5838344397846857,4.688743031857145,0.0,0.20246648911753348,7.098389053311244e-05,0.7884615384615384
mtd_ai,200,0.005062763837774584,0.2631578947368421,3914.621099189607,0.1,150,5,0.16722222222222224,1.5838344397846857,4.688743031857145,0.0,0.20246648911753348,7.098389053311244e-05,0.7884615384615384
mtd_ai,200,0.005062763837774584,0.31690140845070425,4674.744221571251,0.15,150,5,0.16722222222222224,1.5838344397846857,4.688743031857145,0.0,0.20246648911753348,7.098389053311244e-05,0.7884615384615384
mtd_ai,200,0.005062763837774584,0.36585365853658536,5258.118109090448,0.2,150,5,0.16722222222222224,1.5838344397846857,4.688743031857145,0.0,0.20246648911753348,7.098389053311244e-05,0.7884615384615384
mtd_ai,200,0.005062763837774584,0.35377358490566035,6432.033227037661,0.25,150,5,0.16722222222222224,1.5838344397846857,4.688743031857145,0.0,0.20246648911753348,7.098389053311244e-05,0.7884615384615384
mtd_ai,200,0.0050571687545112225,0.39473684210526316,2165.2724071989833,0.05,150,5,0.12166666666666667,3.7589544155109302,4.909948492125426,4.892857142857143,0.3757451124688145,0.00013526828076586454,0.7894736842105263
mtd_ai,200,0.0050571687545112225,0.5,2668.863479076503,0.1,150,5,0.12166666666666667,3.7589544155109302,4.909948492125426,4.892857142857143,0.3757451124688145,0.00013526828076586454,0.7894736842105263
mtd_ai,200,0.0050571687545112225,0.5232558139534884,3549.3911472881123,0.15,150,5,0.12166666666666667,3.7589544155109302,4.909948492125426,4.892857142857143,0.3757451124688145,0.00013526828076586454,0.7894736842105263
mtd_ai,200,0.0050571687545112225,0.5660377358490566,3970.3330888355513,0.2,150,5,0.12166666666666667,3.7589544155109302,4.909948492125426,4.892857142857143,0.3757451124688145,0.00013526828076586454,0.7894736842105263
mtd_ai,200,0.0050571687545112225,0.6048387096774194,4576.787808076644,0.25,150,5,0.12166666666666667,3.7589544155109302,4.909948492125426,4.892857142857143,0.3757451124688145,0.00013526828076586454,0.7894736842105263
mtd_ai,200,0.005032282419204548,0.20833333333333334,3068.3203796497337,0.05,150,5,0.104,0.12354975490174014,0.3206725849014927,0.0,0.1738184910883407,0.0005836931495573911,0.7419354838709677
mtd_ai,200,0.005032282419204548,0.30612244897959184,3811.8705283471268,0.1,150,5,0.104,0.12354975490174014,0.3206725849014927,0.0,0.1738184910883407,0.0005836931495573911,0.7419354838709677
mtd_ai,200,0.005032282419204548,0.3515625,5267.819068993447,0.15,150,5,0.104,0.12354975490174014,0.3206725849014927,0.0,0.1738184910883407,0.0005836931495573911,0.7419354838709677
mtd_ai,200,0.005032282419204548,0.3614457831325301,6705.799049040261,0.2,150,5,0.104,0.12354975490174014,0.3206725849014927,0.0,0.1738184910883407,0.0005836931495573911,0.7419354838709677
mtd_ai,200,0.005032282419204548,0.390625,7404.195687252148,0.25,150,5,0.104,0.12354975490174014,0.3206725849014927,0.0,0.1738184910883407,0.0005836931495573911,0.7419354838709677
mtd_ai,200,0.005055170386024359,0.19230769230769232,4314.173949740399,0.05,150,5,0.15533333333333335,0.016427370068001143,0.0651835871771776,0.0,0.2919013224013286,8.917885708182239e-05,0.8269230769230769
mtd_ai,200,0.005055170386024359,0.2830188679245283,5069.842988203837,0.1,150,5,0.15533333333333335,0.016427370068001143,0.0651835871771776,0.0,0.2919013224013286,8.917885708182239e-05,0.8269230769230769
mtd_ai,200,0.005055170386024359,0.3515625,5634.099405055804,0.15,150,5,0.15533333333333335,0.016427370068001143,0.0651835871771776,0.0,0.2919013224013286,8.917885708182239e-05,0.8269230769230769
mtd_ai,200,0.005055170386024359,0.38961038961038963,6331.588430373611,0.2,150,5,0.15533333333333335,0.016427370068001143,0.0651835871771776,0.0,0.2919013224013286,8.917885708182239e-05,0.8269230769230769
mtd_ai,200,0.005055170386024359,0.4411764705882353,6712.966413986124,0.25,150,5,0.15533333333333335,0.016427370068001143,0.0651835871771776,0.0,0.2919013224013286,8.917885708182239e-05,0.8269230769230769
mtd_ai,200,0.005041453838967659,0.234375,3977.7112039604535,0.05,150,5,0.13277777777777777,2.3795332020898976,5.546886542864769,0.0,0.32366250837956956,9.409355315065794e-05,0.8043478260869565
mtd_ai,200,0.005041453838967659,0.3488372093023256,4435.704509348231,0.1,150,5,0.13277777777777777,2.3795332020898976,5.546886542864769,0.0,0.32366250837956956,9.409355315065794e-05,0.8043478260869565
mtd_ai,200,0.005041453838967659,0.4090909090909091,5268.683654233983,0.15,150,5,0.13277777777777777,2.3795332020898976,5.546886542864769,0.0,0.32366250837956956,9.409355315065794e-05,0.8043478260869565
mtd_ai,200,0.005041453838967659,0.46153846153846156,5658.591766917656,0.2,150,5,0.13277777777777777,2.3795332020898976,5.546886542864769,0.0,0.32366250837956956,9.409355315065794e-05,0.8043478260869565
mtd_ai,200,0.005041453838967659,0.5136986301369864,5954.383973553244,0.25,150,5,0.13277777777777777,2.3795332020898976,5.546886542864769,0.0,0.32366250837956956,9.409355315065794e-05,0.8043478260869565
mtd_ai,200,0.005043341134810289,0.3,2682.826169541803,0.05,150,5,0.16666666666666666,73.05373689358419,5.3795582508519395,0.0,0.2716660803988486,0.00010371669226386556,0.84
mtd_ai,200,0.005043341134810289,0.3409090909090909,4722.722919256759,0.1,150,5,0.16666666666666666,73.05373689358419,5.3795582508519395,0.0,0.2716660803988486,0.00010371669226386556,0.84
mtd_ai,200,0.005043341134810289,0.3515625,5675.313038139424,0.15,150,5,0.16666666666666666,73.05373689358419,5.3795582508519395,0.0,0.2716660803988486,0.00010371669226386556,0.84
mtd_ai,200,0.005043341134810289,0.4,6084.557178573268,0.2,150,5,0.16666666666666666,73.05373689358419,5.3795582508519395,0.0,0.2716660803988486,0.00010371669226386556,0.84
mtd_ai,200,0.005043341134810289,0.436046511627907,6835.741629250842,0.25,150,5,0.16666666666666666,73.05373689358419,5.3795582508519395,0.0,0.2716660803988486,0.00010371669226386556,0.84
mtd_ai,200,0.005049850715797167,0.35714285714285715,2004.8842199606806,0.05,150,5,0.1411111111111111,0.5870239217088148,2.200831865571445,0.0,0.2742496853411262,0.0007230433160900073,0.8974358974358975
mtd_ai,200,0.005049850715797167,0.42857142857142855,2840.105643547477,0.1,150,5,0.1411111111111111,0.5870239217088148,2.200831865571445,0.0,0.2742496853411262,0.0007230433160900073,0.8974358974358975
mtd_ai,200,0.005049850715797167,0.46875,3982.8125877990224,0.15,150,5,0.1411111111111111,0.5870239217088148,2.200831865571445,0.0,0.2742496853411262,0.0007230433160900073,0.8974358974358975
mtd_ai,200,0.005049850715797167,0.5,4800.003525028541,0.2,150,5,0.1411111111111111,0.5870239217088148,2.200831865571445,0.0,0.2742496853411262,0.0007230433160900073,0.8974358974358975
mtd_ai,200,0.005049850715797167,0.5208333333333334,5597.770267479535,0.25,150,5,0.1411111111111111,0.5870239217088148,2.200831865571445,0.0,0.2742496853411262,0.0007230433160900073,0.8974358974358975
mtd_ai,200,0.0050600138891135245,0.32608695652173914,2447.302824804018,0.05,150,5,0.13015873015873014,0.5296257331263485,2.3702864822220864,0.0,0.21680307841562668,8.270653177159183e-05,0.7924528301886793
mtd_ai,200,0.0050600138891135245,0.35714285714285715,3765.2815346284656,0.1,150,5,0.13015873015873014,0.5296257331263485,2.3702864822220864,0.0,0.21680307841562668,8.270653177159183e-05,0.7924528301886793
mtd_ai,200,0.0050600138891135245,0.4017857142857143,4669.98377447766,0.15,150,5,0.13015873015873014,0.5296257331263485,2.3702864822220864,0.0,0.21680307841562668,8.270653177159183e-05,0.7924528301886793
mtd_ai,200,0.0050600138891135245,0.38961038961038963,5687.20766588104,0.2,150,5,0.13015873015873014,0.5296257331263485,2.3702864822220864,0.0,0.21680307841562668,8.270653177159183e-05,0.7924528301886793
mtd_ai,200,0.0050600138891135245,0.4032258064516129,6512.987270008152,0.25,150,5,0.13015873015873014,0.5296257331263485,2.3702864822220864,0.0,0.21680307841562668,8.270653177159183e-05,0.7924528301886793
mtd_ai,200,0.005061217001286247,0.17045454545454544,3636.249404922414,0.05,150,5,0.15333333333333332,0.7168886235205982,3.0941884494647676,0.0,0.12708460908049787,5.346524444375041e-05,0.8518518518518519
mtd_ai,200,0.005061217001286247,0.2727272727272727,4381.2232980947065,0.1,150,5,0.15333333333333332,0.7168886235205982,3.0941884494647676,0.0,0.12708460908049787,5.346524444375041e-05,0.8518518518518519
mtd_ai,200,0.005061217001286247,0.3409090909090909,4971.363550281914,0.15,150,5,0.15333333333333332,0.7168886235205982,3.0941884494647676,0.0,0.12708460908049787,5.346524444375041e-05,0.8518518518518519
mtd_ai,200,0.005061217001286247,0.3614457831325301,6249.676145473057,0.2,150,5,0.15333333333333332,0.7168886235205982,3.0941884494647676,0.0,0.12708460908049787,5.346524444375041e-05,0.8518518518518519
mtd_ai,200,0.005061217001286247,0.390625,7033.558540324415,0.25,150,5,0.15333333333333332,0.7168886235205982,3.0941884494647676,0.0,0.12708460908049787,5.346524444375041e-05,0.8518518518518519
mtd_ai,200,0.005034268150176646,0.24193548387096775,3449.61251910193,0.05,150,5,0.09333333333333334,2.4751856660821896,0.12281136203994408,0.0,0.47287004341943006,0.00011040673129751954,0.875
mtd_ai,200,0.005034268150176646,0.3125,4233.932899662549,0.1,150,5,0.09333333333333334,2.4751856660821896,0.12281136203994408,0.0,0.47287004341943006,0.00011040673129751954,0.875
mtd_ai,200,0.005034268150176646,0.3515625,5079.0755503628525,0.15,150,5,0.09333333333333334,2.4751856660821896,0.12281136203994408,0.0,0.47287004341943006,0.00011040673129751954,0.875
mtd_ai,200,0.005034268150176646,0.38961038961038963,5714.536434520057,0.2,150,5,0.09333333333333334,2.4751856660821896,0.12281136203994408,0.0,0.47287004341943006,0.00011040673129751954,0.875
mtd_ai,200,0.005034268150176646,0.41208791208791207,6649.118772127656,0.25,150,5,0.09333333333333334,2.4751856660821896,0.12281136203994408,0.0,0.47287004341943006,0.00011040673129751954,0.875
mtd_ai,200,0.0050579207832036925,0.4166666666666667,1907.3819239095924,0.05,150,5,0.13,0.7273131001520067,2.678017963100023,0.0,0.25734437672030197,9.159634267567804e-05,0.9130434782608695
mtd_ai,200,0.0050579207832036925,0.36585365853658536,3444.6088494431315,0.1,150,5,0.13,0.7273131001520067,2.678017963100023,0.0,0.25734437672030197,9.159634267567804e-05,0.9130434782608695
mtd_ai,200,0.0050579207832036925,0.35714285714285715,5589.419564141806,0.15,150,5,0.13,0.7273131001520067,2.678017963100023,0.0,0.25734437672030197,9.159634267567804e-05,0.9130434782608695
mtd_ai,200,0.0050579207832036925,0.4,5992.5810559246565,0.2,150,5,0.13,0.7273131001520067,2.678017963100023,0.0,0.25734437672030197,9.159634267567804e-05,0.9130434782608695
mtd_ai,200,0.0050579207832036925,0.4166666666666667,6652.239089202229,0.25,150,5,0.13,0.7273131001520067,2.678017963100023,0.0,0.25734437672030197,9.159634267567804e-05,0.9130434782608695
mtd_ai,200,0.005041668850435537,0.35714285714285715,2143.1433853691287,0.05,150,5,0.17988888888888888,0.5398273587728284,1.5040369523188601,0.0,0.28594618878918476,8.801460266294997e-05,0.7254901960784313
mtd_ai,200,0.005041668850435537,0.39473684210526316,3313.065084568777,0.1,150,5,0.17988888888888888,0.5398273587728284,1.5040369523188601,0.0,0.28594618878918476,8.801460266294997e-05,0.7254901960784313
mtd_ai,200,0.005041668850435537,0.4166666666666667,4425.313011441947,0.15,150,5,0.17988888888888888,0.5398273587728284,1.5040369523188601,0.0,0.28594618878918476,8.801460266294997e-05,0.7254901960784313
mtd_ai,200,0.005041668850435537,0.45454545454545453,5067.392575489548,0.2,150,5,0.17988888888888888,0.5398273587728284,1.5040369523188601,0.0,0.28594618878918476,8.801460266294997e-05,0.7254901960784313
mtd_ai,200,0.005041668850435537,0.47468354430379744,5773.147953723118,0.25,150,5,0.17988888888888888,0.5398273587728284,1.5040369523188601,0.0,0.28594618878918476,8.801460266294997e-05,0.7254901960784313
mtd_ai,200,0.00504118380894489,0.2777777777777778,3012.824768247453,0.05,150,5,0.15619047619047619,1.2016023302987218,3.3362087691872344,0.0,0.2801612293379854,7.191865189574863e-05,0.7241379310344828
mtd_ai,200,0.00504118380894489,0.39473684210526316,3902.691662370697,0.1,150,5,0.15619047619047619,1.2016023302987218,3.3362087691872344,0.0,0.2801612293379854,7.191865189574863e-05,0.7241379310344828
mtd_ai,200,0.00504118380894489,0.45918367346938777,4584.732992136473,0.15,150,5,0.15619047619047619,1.2016023302987218,3.3362087691872344,0.0,0.2801612293379854,7.191865189574863e-05,0.7241379310344828
mtd_ai,200,0.00504118380894489,0.4918032786885246,5962.8835676717645,0.2,150,5,0.15619047619047619,1.2016023302987218,3.3362087691872344,0.0,0.2801612293379854,7.191865189574863e-05,0.7241379310344828
mtd_ai,200,0.00504118380894489,0.4934210526315789,6731.654144357636,0.25,150,5,0.15619047619047619,1.2016023302987218,3.3362087691872344,0.0,0.2801612293379854,7.191865189574863e-05,0.7241379310344828
mtd_ai,200,0.005054386200301963,0.22727272727272727,4343.727709070938,0.05,150,5,0.15555555555555556,0.8786605623621203,2.7091466452345987,0.0,0.3195624829299755,0.00016859519473112725,0.8181818181818182
mtd_ai,200,0.005054386200301963,0.3,5554.696814658752,0.1,150,5,0.15555555555555556,0.8786605623621203,2.7091466452345987,0.0,0.3195624829299755,0.00016859519473112725,0.8181818181818182
mtd_ai,200,0.005054386200301963,0.3629032258064516,6398.048108360072,0.15,150,5,0.15555555555555556,0.8786605623621203,2.7091466452345987,0.0,0.3195624829299755,0.00016859519473112725,0.8181818181818182
mtd_ai,200,0.005054386200301963,0.4166666666666667,6821.501469068897,0.2,150,5,0.15555555555555556,0.8786605623621203,2.7091466452345987,0.0,0.3195624829299755,0.00016859519473112725,0.8181818181818182
mtd_ai,200,0.005054386200301963,0.46296296296296297,7302.310778644456,0.25,150,5,0.15555555555555556,0.8786605623621203,2.7091466452345987,0.0,0.3195624829299755,0.00016859519473112725,0.8181818181818182
mtd_ai,200,0.005037680316340216,0.3125,2393.387343638304,0.05,150,5,0.09666666666666666,0.9454804672876264,3.9854657328934753,0.0,0.2291538131287208,6.037152617736365e-05,0.7547169811320755
mtd_ai,200,0.005037680316340216,0.3409090909090909,4356.871428809856,0.1,150,5,0.09666666666666666,0.9454804672876264,3.9854657328934753,0.0,0.2291538131287208,6.037152617736365e-05,0.7547169811320755
mtd_ai,200,0.005037680316340216,0.4017857142857143,5229.616156996202,0.15,150,5,0.09666666666666666,0.9454804672876264,3.9854657328934753,0.0,0.2291538131287208,6.037152617736365e-05,0.7547169811320755
mtd_ai,200,0.005037680316340216,0.4166666666666667,6187.117173517443,0.2,150,5,0.09666666666666666,0.9454804672876264,3.9854657328934753,0.0,0.2291538131287208,6.037152617736365e-05,0.7547169811320755
mtd_ai,200,0.005037680316340216,0.46296296296296297,6474.504840067437,0.25,150,5,0.09666666666666666,0.9454804672876264,3.9854657328934753,0.0,0.2291538131287208,6.037152617736365e-05,0.7547169811320755
mtd_ai,200,0.005058310426433255,0.39473684210526316,1705.8316093677909,0.05,150,5,0.18555555555555558,1.36680149541357,2.6141962766705262,0.0,0.2956462086315923,0.000322157693021909,0.8070175438596491
mtd_ai,200,0.005058310426433255,0.26785714285714285,3550.3870270448747,0.1,150,5,0.18555555555555558,1.36680149541357,2.6141962766705262,0.0,0.2956462086315923,0.000322157693021909,0.8070175438596491
mtd_ai,200,0.005058310426433255,0.3,5652.019240006031,0.15,150,5,0.18555555555555558,1.36680149541357,2.6141962766705262,0.0,0.2956462086315923,0.000322157693021909,0.8070175438596491
mtd_ai,200,0.005058310426433255,0.3409090909090909,6558.479572887067,0.2,150,5,0.18555555555555558,1.36680149541357,2.6141962766705262,0.0,0.2956462086315923,0.000322157693021909,0.8070175438596491
mtd_ai,200,0.005058310426433255,0.375,7243.709880549573,0.25,150,5,0.18555555555555558,1.36680149541357,2.6141962766705262,0.0,0.2956462086315923,0.000322157693021909,0.8070175438596491
mtd_ai,200,0.005037409901102461,0.25862068965517243,3451.3216548597984,0.05,150,5,0.15266666666666667,0.4845033979169451,0.8274625614164274,0.0,0.10008442155569575,4.762046103298763e-05,0.851063829787234
mtd_ai,200,0.005037409901102461,0.3488372093023256,4518.799678766136,0.1,150,5,0.15266666666666667,0.4845033979169451,0.8274625614164274,0.0,0.10008442155569575,4.762046103298763e-05,0.851063829787234
mtd_ai,200,0.005037409901102461,0.4090909090909091,5154.516105510213,0.15,150,5,0.15266666666666667,0.4845033979169451,0.8274625614164274,0.0,0.10008442155569575,4.762046103298763e-05,0.851063829787234
mtd_ai,200,0.005037409901102461,0.4225352112676056,6195.343949559605,0.2,150,5,0.15266666666666667,0.4845033979169451,0.8274625614164274,0.0,0.10008442155569575,4.762046103298763e-05,0.851063829787234
mtd_ai,200,0.005037409901102461,0.4807692307692308,6565.610878216232,0.25,150,5,0.15266666666666667,0.4845033979169451,0.8274625614164274,0.0,0.10008442155569575,4.762046103298763e-05,0.851063829787234
mtd_ai,200,0.005025342346975666,0.3125,2220.0271685474463,0.05,150,5,0.14285714285714285,3.0091856928966627,2.1665266143037583,-3.675675675675676,0.22215412683424682,9.012741383676358e-05,0.8245614035087719
mtd_ai,200,0.005025342346975666,0.3,4895.592687934959,0.1,150,5,0.14285714285714285,3.0091856928966627,2.1665266143037583,-3.675675675675676,0.22215412683424682,9.012741383676358e-05,0.8245614035087719
mtd_ai,200,0.005025342346975666,0.3409090909090909,6490.368949115054,0.15,150,5,0.14285714285714285,3.0091856928966627,2.1665266143037583,-3.675675675675676,0.22215412683424682,9.012741383676358e-05,0.8245614035087719
mtd_ai,200,0.005025342346975666,0.38461538461538464,7361.077687368312,0.2,150,5,0.14285714285714285,3.0091856928966627,2.1665266143037583,-3.675675675675676,0.22215412683424682,9.012741383676358e-05,0.8245614035087719
mtd_ai,200,0.005025342346975666,0.43103448275862066,7685.698521180911,0.25,150,5,0.14285714285714285,3.0091856928966627,2.1665266143037583,-3.675675675675676,0.22215412683424682,9.012741383676358e-05,0.8245614035087719
mtd_ai,200,0.005044700987844798,0.375,1844.9996336913628,0.05,150,5,0.12777777777777777,0.6398757082716251,1.5332268071942257,0.0,0.08829937262019867,6.355757225814175e-05,0.8163265306122449
mtd_ai,200,0.005044700987844798,0.40540540540540543,3096.230068811579,0.1,150,5,0.12777777777777777,0.6398757082716251,1.5332268071942257,0.0,0.08829937262019867,6.355757225814175e-05,0.8163265306122449
mtd_ai,200,0.005044700987844798,0.4166666666666667,4569.038810724704,0.15,150,5,0.12777777777777777,0.6398757082716251,1.5332268071942257,0.0,0.08829937262019867,6.355757225814175e-05,0.8163265306122449
mtd_ai,200,0.005044700987844798,0.45454545454545453,5288.11631836452,0.2,150,5,0.12777777777777777,0.6398757082716251,1.5332268071942257,0.0,0.08829937262019867,6.355757225814175e-05,0.8163265306122449
mtd_ai,200,0.005044700987844798,0.46875,6106.058122893941,0.25,150,5,0.12777777777777777,0.6398757082716251,1.5332268071942257,0.0,0.08829937262019867,6.355757225814175e-05,0.8163265306122449
mtd_ai,200,0.005049241681063597,0.3125,2095.689318734824,0.05,150,5,0.12333333333333334,0.37067359876873746,1.3346831042506586,0.0,0.2531234113190612,7.873037146165367e-05,0.8222222222222222
mtd_ai,200,0.005049241681063597,0.39473684210526316,3132.80699690545,0.1,150,5,0.12333333333333334,0.37067359876873746,1.3346831042506586,0.0,0.2531234113190612,7.873037146165367e-05,0.8222222222222222
mtd_ai,200,0.005049241681063597,0.4891304347826087,3504.758210260845,0.15,150,5,0.12333333333333334,0.37067359876873746,1.3346831042506586,0.0,0.2531234113190612,7.873037146165367e-05,0.8222222222222222
mtd_ai,200,0.005049241681063597,0.5084745762711864,4265.9125095704085,0.2,150,5,0.12333333333333334,0.37067359876873746,1.3346831042506586,0.0,0.2531234113190612,7.873037146165367e-05,0.8222222222222222
mtd_ai,200,0.005049241681063597,0.47468354430379744,5853.349343390233,0.25,150,5,0.12333333333333334,0.37067359876873746,1.3346831042506586,0.0,0.2531234113190612,7.873037146165367e-05,0.8222222222222222
mtd_ai,200,0.005039592479991605,0.26785714285714285,3201.979460812546,0.05,150,5,0.12733333333333335,1.3838599252290331,4.288200920700439,0.0,0.3299319466650256,0.00010390123044370322,0.851063829787234
mtd_ai,200,0.005039592479991605,0.38461538461538464,3939.1233305508154,0.1,150,5,0.12733333333333335,1.3838599252290331,4.288200920700439,0.0,0.3299319466650256,0.00010390123044370322,0.851063829787234
mtd_ai,200,0.005039592479991605,0.4090909090909091,4960.439323805946,0.15,150,5,0.12733333333333335,1.3838599252290331,4.288200920700439,0.0,0.3299319466650256,0.00010390123044370322,0.851063829787234
mtd_ai,200,0.005039592479991605,0.42857142857142855,5602.418831042616,0.2,150,5,0.12733333333333335,1.3838599252290331,4.288200920700439,0.0,0.3299319466650256,0.00010390123044370322,0.851063829787234
mtd_ai,200,0.005039592479991605,0.45180722891566266,6314.1577190239095,0.25,150,5,0.12733333333333335,1.3838599252290331,4.288200920700439,0.0,0.3299319466650256,0.00010390123044370322,0.851063829787234
mtd_ai,200,0.005032230904320306,0.375,2002.3644357430271,0.05,150,5,0.14533333333333334,0.3764708453745369,1.3871598167714112,0.0,0.17554851196953225,0.0003089297269488606,0.703125
mtd_ai,200,0.005032230904320306,0.4411764705882353,2755.513473749551,0.1,150,5,0.14533333333333334,0.3764708453745369,1.3871598167714112,0.0,0.17554851196953225,0.0003089297269488606,0.703125
mtd_ai,200,0.005032230904320306,0.45,4377.861597326995,0.15,150,5,0.14533333333333334,0.3764708453745369,1.3871598167714112,0.0,0.17554851196953225,0.0003089297269488606,0.703125
mtd_ai,200,0.005032230904320306,0.4166666666666667,6881.058698345682,0.2,150,5,0.14533333333333334,0.3764708453745369,1.3871598167714112,0.0,0.17554851196953225,0.0003089297269488606,0.703125
mtd_ai,200,0.005032230904320306,0.46296296296296297,7337.728444555621,0.25,150,5,0.14533333333333334,0.3764708453745369,1.3871598167714112,0.0,0.17554851196953225,0.0003089297269488606,0.703125
mtd_ai,200,0.005059756421994038,0.39473684210526316,1884.6042578458982,0.05,150,5,0.14583333333333334,0.08394504870651488,0.31741035519118793,0.0,0.3062633194914682,0.00039253882450746626,0.8541666666666666
mtd_ai,200,0.005059756421994038,0.375,3503.55741026541,0.1,150,5,0.14583333333333334,0.08394504870651488,0.31741035519118793,0.0,0.3062633194914682,0.00039253882450746626,0.8541666666666666
mtd_ai,200,0.005059756421994038,0.39473684210526316,4701.238873530171,0.15,150,5,0.14583333333333334,0.08394504870651488,0.31741035519118793,0.0,0.3062633194914682,0.00039253882450746626,0.8541666666666666
mtd_ai,200,0.005059756421994038,0.410958904109589,5599.246195500334,0.2,150,5,0.14583333333333334,0.08394504870651488,0.31741035519118793,0.0,0.3062633194914682,0.00039253882450746626,0.8541666666666666
mtd_ai,200,0.005059756421994038,0.4166666666666667,6539.745363646616,0.25,150,5,0.14583333333333334,0.08394504870651488,0.31741035519118793,0.0,0.3062633194914682,0.00039253882450746626,0.8541666666666666
mtd_ai,200,0.005035712098940927,0.3409090909090909,2137.218402426109,0.05,150,5,0.1225,1.0285220657025582,2.4225122752262354,0.0,0.29878910457582364,0.00048700927698619684,0.8181818181818182
mtd_ai,200,0.005035712098940927,0.3,5082.631540205206,0.1,150,5,0.1225,1.0285220657025582,2.4225122752262354,0.0,0.29878910457582364,0.00048700927698619684,0.8181818181818182
mtd_ai,200,0.005035712098940927,0.36885245901639346,6012.5665719010685,0.15,150,5,0.1225,1.0285220657025582,2.4225122752262354,0.0,0.29878910457582364,0.00048700927698619684,0.8181818181818182
mtd_ai,200,0.005035712098940927,0.410958904109589,6554.253463243924,0.2,150,5,0.1225,1.0285220657025582,2.4225122752262354,0.0,0.29878910457582364,0.00048700927698619684,0.8181818181818182
mtd_ai,200,0.005035712098940927,0.4411764705882353,7195.694590770927,0.25,150,5,0.1225,1.0285220657025582,2.4225122752262354,0.0,0.29878910457582364,0.00048700927698619684,0.8181818181818182
mtd_ai,200,0.00505207373988527,0.3409090909090909,2041.7956956066018,0.05,150,5,0.12,0.35228096000623843,1.548357804787031,0.0,0.3337952659080205,0.00048445585183780636,0.6538461538461539
mtd_ai,200,0.00505207373988527,0.38461538461538464,3386.77636833739,0.1,150,5,0.12,0.35228096000623843,1.548357804787031,0.0,0.3337952659080205,0.00048445585183780636,0.6538461538461539
mtd_ai,200,0.00505207373988527,0.4326923076923077,4286.5103007232065,0.15,150,5,0.12,0.35228096000623843,1.548357804787031,0.0,0.3337952659080205,0.00048445585183780636,0.6538461538461539
mtd_ai,200,0.00505207373988527,0.47619047619047616,4794.399925195383,0.2,150,5,0.12,0.35228096000623843,1.548357804787031,0.0,0.3337952659080205,0.00048445585183780636,0.6538461538461539
mtd_ai,200,0.00505207373988527,0.4934210526315789,5596.506458570617,0.25,150,5,0.12,0.35228096000623843,1.548357804787031,0.0,0.3337952659080205,0.00048445585183780636,0.6538461538461539
mtd_ai,200,0.005088579144491782,0.3125,2208.56458659616,0.05,150,5,0.16,0.039096468319835084,0.17208328600667797,0.0,0.24914352498882852,5.3196806238825766e-05,0.8648648648648649
mtd_ai,200,0.005088579144491782,0.4166666666666667,2902.7868279027057,0.1,150,5,0.16,0.039096468319835084,0.17208328600667797,0.0,0.24914352498882852,5.3196806238825766e-05,0.8648648648648649
mtd_ai,200,0.005088579144491782,0.4891304347826087,3455.4830392357694,0.15,150,5,0.16,0.039096468319835084,0.17208328600667797,0.0,0.24914352498882852,5.3196806238825766e-05,0.8648648648648649
mtd_ai,200,0.005088579144491782,0.5,4309.259643470987,0.2,150,5,0.16,0.039096468319835084,0.17208328600667797,0.0,0.24914352498882852,5.3196806238825766e-05,0.8648648648648649
mtd_ai,200,0.005088579144491782,0.5357142857142857,4827.028011703336,0.25,150,5,0.16,0.039096468319835084,0.17208328600667797,0.0,0.24914352498882852,5.3196806238825766e-05,0.8648648648648649
mtd_ai,200,0.005059526554122086,0.3125,2398.53443145051,0.05,150,5,0.14544444444444443,0.9049982772541526,3.974142607900254,0.0,0.24593948505423055,0.00011342840508521285,0.703125
mtd_ai,200,0.005059526554122086,0.30612244897959184,4980.401361704142,0.1,150,5,0.14544444444444443,0.9049982772541526,3.974142607900254,0.0,0.24593948505423055,0.00011342840508521285,0.703125
mtd_ai,200,0.005059526554122086,0.375,5525.187169329309,0.15,150,5,0.14544444444444443,0.9049982772541526,3.974142607900254,0.0,0.24593948505423055,0.00011342840508521285,0.703125
mtd_ai,200,0.005059526554122086,0.40540540540540543,6384.778365445531,0.2,150,5,0.14544444444444443,0.9049982772541526,3.974142607900254,0.0,0.24593948505423055,0.00011342840508521285,0.703125
mtd_ai,200,0.005059526554122086,0.436046511627907,7008.760471278569,0.25,150,5,0.14544444444444443,0.9049982772541526,3.974142607900254,0.0,0.24593948505423055,0.00011342840508521285,0.703125
mtd_ai,200,0.005086227181520099,0.35714285714285715,1806.476514875078,0.05,150,5,0.1225,0.37057756473048004,1.330315315766654,0.0,0.12766508342226293,6.40668129378966e-05,0.8095238095238095
mtd_ai,200,0.005086227181520099,0.40540540540540543,2920.6898679731285,0.1,150,5,0.1225,0.37057756473048004,1.330315315766654,0.0,0.12766508342226293,6.40668129378966e-05,0.8095238095238095
mtd_ai,200,0.005086227181520099,0.4017857142857143,4503.858639759308,0.15,150,5,0.1225,0.37057756473048004,1.330315315766654,0.0,0.12766508342226293,6.40668129378966e-05,0.8095238095238095
mtd_ai,200,0.005086227181520099,0.44776119402985076,4959.3239215601225,0.2,150,5,0.1225,0.37057756473048004,1.330315315766654,0.0,0.12766508342226293,6.40668129378966e-05,0.8095238095238095
mtd_ai,200,0.005086227181520099,0.487012987012987,5416.119862537476,0.25,150,5,0.1225,0.37057756473048004,1.330315315766654,0.0,0.12766508342226293,6.40668129378966e-05,0.8095238095238095
mtd_ai,200,0.0050688540923439504,0.35714285714285715,2216.0928405359564,0.05,150,5,0.14277777777777778,0.05018612375484898,0.09259898881948142,0.0,0.37654060543400836,8.335752739327458e-05,0.8
mtd_ai,200,0.0050688540923439504,0.39473684210526316,4065.4471256995735,0.1,150,5,0.14277777777777778,0.05018612375484898,0.09259898881948142,0.0,0.37654060543400836,8.335752739327458e-05,0.8
mtd_ai,200,0.0050688540923439504,0.4411764705882353,4781.657626013158,0.15,150,5,0.14277777777777778,0.05018612375484898,0.09259898881948142,0.0,0.37654060543400836,8.335752739327458e-05,0.8
mtd_ai,200,0.0050688540923439504,0.46875,5496.641392911779,0.2,150,5,0.14277777777777778,0.05018612375484898,0.09259898881948142,0.0,0.37654060543400836,8.335752739327458e-05,0.8
mtd_ai,200,0.0050688540923439504,0.46875,6259.456832349821,0.25,150,5,0.14277777777777778,0.05018612375484898,0.09259898881948142,0.0,0.37654060543400836,8.335752739327458e-05,0.8
mtd_ai,200,0.005045657740786489,0.39473684210526316,1489.1762146393123,0.05,150,5,0.11777777777777776,2.750196749539613,2.4838377302196366,5.148148148148148,0.2197373595734144,7.388181911436396e-05,0.8536585365853658
mtd_ai,200,0.005045657740786489,0.3488372093023256,3840.6767603736707,0.1,150,5,0.11777777777777776,2.750196749539613,2.4838377302196366,5.148148148148148,0.2197373595734144,7.388181911436396e-05,0.8536585365853658
mtd_ai,200,0.005045657740786489,0.4326923076923077,4272.926070642744,0.15,150,5,0.11777777777777776,2.750196749539613,2.4838377302196366,5.148148148148148,0.2197373595734144,7.388181911436396e-05,0.8536585365853658
mtd_ai,200,0.005045657740786489,0.4838709677419355,4627.304248339796,0.2,150,5,0.11777777777777776,2.750196749539613,2.4838377302196366,5.148148148148148,0.2197373595734144,7.388181911436396e-05,0.8536585365853658
mtd_ai,200,0.005045657740786489,0.5067567567567568,5608.0558548597955,0.25,150,5,0.11777777777777776,2.750196749539613,2.4838377302196366,5.148148148148148,0.2197373595734144,7.388181911436396e-05,0.8536585365853658
mtd_ai,200,0.005038520022979851,0.375,2032.321296269292,0.05,150,5,0.15333333333333332,0.37136971419965964,1.2181659051985994,0.0,0.31558175282560164,9.234675292720417e-05,0.7719298245614035
mtd_ai,200,0.005038520022979851,0.3333333333333333,4893.869211820182,0.1,150,5,0.15333333333333332,0.37136971419965964,1.2181659051985994,0.0,0.31558175282560164,9.234675292720417e-05,0.7719298245614035
mtd_ai,200,0.005038520022979851,0.39473684210526316,5796.496166782808,0.15,150,5,0.15333333333333332,0.37136971419965964,1.2181659051985994,0.0,0.31558175282560164,9.234675292720417e-05,0.7719298245614035
mtd_ai,200,0.005038520022979851,0.42857142857142855,6399.354641305319,0.2,150,5,0.15333333333333332,0.37136971419965964,1.2181659051985994,0.0,0.31558175282560164,9.234675292720417e-05,0.7719298245614035
mtd_ai,200,0.005038520022979851,0.45180722891566266,6980.4871863455965,0.25,150,5,0.15333333333333332,0.37136971419965964,1.2181659051985994,0.0,0.31558175282560164,9.234675292720417e-05,0.7719298245614035
mtd_ai,200,0.005037950633394749,0.3125,1995.5569536769508,0.05,150,5,0.12444444444444445,0.6966269223546675,2.8927250185029068,0.0,0.2916956418596139,7.69646395325571e-05,0.7090909090909091
mtd_ai,200,0.005037950633394749,0.3333333333333333,4754.363530856142,0.1,150,5,0.12444444444444445,0.6966269223546675,2.8927250185029068,0.0,0.2916956418596139,7.69646395325571e-05,0.7090909090909091
mtd_ai,200,0.005037950633394749,0.4166666666666667,5146.465518122294,0.15,150,5,0.12444444444444445,0.6966269223546675,2.8927250185029068,0.0,0.2916956418596139,7.69646395325571e-05,0.7090909090909091
mtd_ai,200,0.005037950633394749,0.45454545454545453,5674.9447664808695,0.2,150,5,0.12444444444444445,0.6966269223546675,2.8927250185029068,0.0,0.2916956418596139,7.69646395325571e-05,0.7090909090909091
mtd_ai,200,0.005037950633394749,0.46875,6208.8786588801295,0.25,150,5,0.12444444444444445,0.6966269223546675,2.8927250185029068,0.0,0.2916956418596139,7.69646395325571e-05,0.7090909090909091
mtd_ai,200,0.0050559782298463755,0.25862068965517243,3184.57959797488,0.05,150,5,0.11666666666666667,1.1717990153950528,4.220028407926007,0.0,0.36746116334128986,0.00012075497729927122,0.7962962962962963
mtd_ai,200,0.0050559782298463755,0.3333333333333333,4327.968236034975,0.1,150,5,0.11666666666666667,1.1717990153950528,4.220028407926007,0.0,0.36746116334128986,0.00012075497729927122,0.7962962962962963
mtd_ai,200,0.0050559782298463755,0.4166666666666667,4659.107001443912,0.15,150,5,0.11666666666666667,1.1717990153950528,4.220028407926007,0.0,0.36746116334128986,0.00012075497729927122,0.7962962962962963
mtd_ai,200,0.0050559782298463755,0.40540540540540543,6617.048784564127,0.2,150,5,0.11666666666666667,1.1717990153950528,4.220028407926007,0.0,0.36746116334128986,0.00012075497729927122,0.7962962962962963
mtd_ai,200,0.0050559782298463755,0.4573170731707317,6887.356608172065,0.25,150,5,0.11666666666666667,1.1717990153950528,4.220028407926007,0.0,0.36746116334128986,0.00012075497729927122,0.7962962962962963
mtd_ai,200,0.0050387277002315175,0.3,2612.181285366801,0.05,150,5,0.161,0.2242390621312142,0.5318525589053054,0.0,0.2104449610721598,8.300192708737562e-05,0.78
mtd_ai,200,0.0050387277002315175,0.29411764705882354,4369.30644768482,0.1,150,5,0.161,0.2242390621312142,0.5318525589053054,0.0,0.2104449610721598,8.300192708737562e-05,0.78
mtd_ai,200,0.0050387277002315175,0.36885245901639346,5052.8737426179305,0.15,150,5,0.161,0.2242390621312142,0.5318525589053054,0.0,0.2104449610721598,8.300192708737562e-05,0.78
mtd_ai,200,0.0050387277002315175,0.410958904109589,5886.904715791205,0.2,150,5,0.161,0.2242390621312142,0.5318525589053054,0.0,0.2104449610721598,8.300192708737562e-05,0.78
mtd_ai,200,0.0050387277002315175,0.44642857142857145,6447.842696166064,0.25,150,5,0.161,0.2242390621312142,0.5318525589053054,0.0,0.2104449610721598,8.300192708737562e-05,0.78
mtd_ai,200,0.0050593909310367915,0.2777777777777778,2291.5942781770345,0.05,150,5,0.08933333333333333,1.1065132146111507,3.3076224389636635,0.0,0.25219346830045974,8.509015143202857e-05,0.8269230769230769
mtd_ai,200,0.0050593909310367915,0.35714285714285715,3257.7930645469905,0.1,150,5,0.08933333333333333,1.1065132146111507,3.3076224389636635,0.0,0.25219346830045974,8.509015143202857e-05,0.8269230769230769
mtd_ai,200,0.0050593909310367915,0.3813559322033898,4643.654232412097,0.15,150,5,0.08933333333333333,1.1065132146111507,3.3076224389636635,0.0,0.25219346830045974,8.509015143202857e-05,0.8269230769230769
mtd_ai,200,0.0050593909310367915,0.40540540540540543,5477.758323368642,0.2,150,5,0.08933333333333333,1.1065132146111507,3.3076224389636635,0.0,0.25219346830045974,8.509015143202857e-05,0.8269230769230769
mtd_ai,200,0.0050593909310367915,0.4166666666666667,6688.607977204906,0.25,150,5,0.08933333333333333,1.1065132146111507,3.3076224389636635,0.0,0.25219346830045974,8.509015143202857e-05,0.8269230769230769
mtd_ai,200,0.0050628409446204165,0.234375,3237.7531952538343,0.05,150,5,0.1501904761904762,0.5619638260500812,1.841861390401086,0.0,0.209709331621221,8.631507032195438e-05,0.7450980392156863
mtd_ai,200,0.0050628409446204165,0.3125,4390.800819303172,0.1,150,5,0.1501904761904762,0.5619638260500812,1.841861390401086,0.0,0.209709331621221,8.631507032195438e-05,0.7450980392156863
mtd_ai,200,0.0050628409446204165,0.39473684210526316,4695.71875029795,0.15,150,5,0.1501904761904762,0.5619638260500812,1.841861390401086,0.0,0.209709331621221,8.631507032195438e-05,0.7450980392156863
mtd_ai,200,0.0050628409446204165,0.4225352112676056,5262.438816507805,0.2,150,5,0.1501904761904762,0.5619638260500812,1.841861390401086,0.0,0.209709331621221,8.631507032195438e-05,0.7450980392156863
mtd_ai,200,0.0050628409446204165,0.4411764705882353,5958.689263405531,0.25,150,5,0.1501904761904762,0.5619638260500812,1.841861390401086,0.0,0.209709331621221,8.631507032195438e-05,0.7450980392156863
mtd_ai,200,0.005060144959897362,0.3,2620.5282234960346,0.05,150,5,0.1511111111111111,0.49329762954005957,1.221811370480012,0.0,0.2769458953246297,7.263068441936323e-05,0.9361702127659575
mtd_ai,200,0.005060144959897362,0.29411764705882354,4532.734815965811,0.1,150,5,0.1511111111111111,0.49329762954005957,1.221811370480012,0.0,0.2769458953246297,7.263068441936323e-05,0.9361702127659575
mtd_ai,200,0.005060144959897362,0.3515625,5196.725117731621,0.15,150,5,0.1511111111111111,0.49329762954005957,1.221811370480012,0.0,0.2769458953246297,7.263068441936323e-05,0.9361702127659575
mtd_ai,200,0.005060144959897362,0.375,6466.938117253302,0.2,150,5,0.1511111111111111,0.49329762954005957,1.221811370480012,0.0,0.2769458953246297,7.263068441936323e-05,0.9361702127659575
mtd_ai,200,0.005060144959897362,0.4166666666666667,6860.236445477063,0.25,150,5,0.1511111111111111,0.49329762954005957,1.221811370480012,0.0,0.2769458953246297,7.263068441936323e-05,0.9361702127659575
mtd_ai,200,0.005055628360444902,0.35714285714285715,1870.5337002279716,0.05,150,5,0.15,1.4542002426796747,4.713544073184712,0.0,0.134951760513836,4.565168411767996e-05,0.7674418604651163
mtd_ai,200,0.005055628360444902,0.40540540540540543,3014.9027045956336,0.1,150,5,0.15,1.4542002426796747,4.713544073184712,0.0,0.134951760513836,4.565168411767996e-05,0.7674418604651163
mtd_ai,200,0.005055628360444902,0.45918367346938777,3647.4895264157694,0.15,150,5,0.15,1.4542002426796747,4.713544073184712,0.0,0.134951760513836,4.565168411767996e-05,0.7674418604651163
mtd_ai,200,0.005055628360444902,0.46153846153846156,4518.834962384635,0.2,150,5,0.15,1.4542002426796747,4.713544073184712,0.0,0.134951760513836,4.565168411767996e-05,0.7674418604651163
mtd_ai,200,0.005055628360444902,0.487012987012987,5141.745678321054,0.25,150,5,0.15,1.4542002426796747,4.713544073184712,0.0,0.134951760513836,4.565168411767996e-05,0.7674418604651163
mtd_ai,200,0.005071102764473498,0.3,2593.577358576867,0.05,150,5,0.12333333333333334,4.173080196451882,3.0148157208727944,0.0,0.19942087843910705,7.392828947905253e-05,0.6923076923076923
mtd_ai,200,0.005071102764473498,0.39473684210526316,3565.2668286906082,0.1,150,5,0.12333333333333334,4.173080196451882,3.0148157208727944,0.0,0.19942087843910705,7.392828947905253e-05,0.6923076923076923
mtd_ai,200,0.005071102764473498,0.4166666666666667,4162.698643955674,0.15,150,5,0.12333333333333334,4.173080196451882,3.0148157208727944,0.0,0.19942087843910705,7.392828947905253e-05,0.6923076923076923
mtd_ai,200,0.005071102764473498,0.4411764705882353,5146.018987232957,0.2,150,5,0.12333333333333334,4.173080196451882,3.0148157208727944,0.0,0.19942087843910705,7.392828947905253e-05,0.6923076923076923
mtd_ai,200,0.005071102764473498,0.4807692307692308,5670.31334726367,0.25,150,5,0.12333333333333334,4.173080196451882,3.0148157208727944,0.0,0.19942087843910705,7.392828947905253e-05,0.6923076923076923
mtd_ai,200,0.005064903485262851,0.24193548387096775,2143.6903690961967,0.05,150,5,0.16916666666666666,5.5808768494148335,7.9567240620821975,0.0,0.15198417767431877,0.00018320585955933477,0.7368421052631579
mtd_ai,200,0.005064903485262851,0.30612244897959184,3368.450327534103,0.1,150,5,0.16916666666666666,5.5808768494148335,7.9567240620821975,0.0,0.15198417767431877,0.00018320585955933477,0.7368421052631579
mtd_ai,200,0.005064903485262851,0.375,4175.181234833227,0.15,150,5,0.16916666666666666,5.5808768494148335,7.9567240620821975,0.0,0.15198417767431877,0.00018320585955933477,0.7368421052631579
mtd_ai,200,0.005064903485262851,0.38961038961038963,5369.535996093307,0.2,150,5,0.16916666666666666,5.5808768494148335,7.9567240620821975,0.0,0.15198417767431877,0.00018320585955933477,0.7368421052631579
mtd_ai,200,0.005064903485262851,0.39893617021276595,6267.220127806812,0.25,150,5,0.16916666666666666,5.5808768494148335,7.9567240620821975,0.0,0.15198417767431877,0.00018320585955933477,0.7368421052631579
mtd_ai,200,0.005063810969467119,0.32608695652173914,2710.9193823328537,0.05,150,5,0.1212063492063492,0.4090562791093245,1.5553269199938249,0.0,0.24361323480715952,0.00010432909250240271,0.7586206896551724
mtd_ai,200,0.005063810969467119,0.40540540540540543,3658.5795463908335,0.1,150,5,0.1212063492063492,0.4090562791093245,1.5553269199938249,0.0,0.24361323480715952,0.00010432909250240271,0.7586206896551724
mtd_ai,200,0.005063810969467119,0.4090909090909091,4943.276293751427,0.15,150,5,0.1212063492063492,0.4090562791093245,1.5553269199938249,0.0,0.24361323480715952,0.00010432909250240271,0.7586206896551724
mtd_ai,200,0.005063810969467119,0.4166666666666667,6294.504071881427,0.2,150,5,0.1212063492063492,0.4090562791093245,1.5553269199938249,0.0,0.24361323480715952,0.00010432909250240271,0.7586206896551724
mtd_ai,200,0.005063810969467119,0.45180722891566266,6916.660864234929,0.25,150,5,0.1212063492063492,0.4090562791093245,1.5553269199938249,0.0,0.24361323480715952,0.00010432909250240271,0.7586206896551724
mtd_ai,200,0.005050992432238038,0.32608695652173914,2025.6957725793482,0.05,150,5,0.15611111111111112,0.5106672112882442,1.4043561844412469,0.0,0.2770824608987967,0.0004122180035820882,0.7833333333333333
mtd_ai,200,0.005050992432238038,0.29411764705882354,4636.468559820652,0.1,150,5,0.15611111111111112,0.5106672112882442,1.4043561844412469,0.0,0.2770824608987967,0.0004122180035820882,0.7833333333333333
mtd_ai,200,0.005050992432238038,0.3629032258064516,5111.85898070501,0.15,150,5,0.15611111111111112,0.5106672112882442,1.4043561844412469,0.0,0.2770824608987967,0.0004122180035820882,0.7833333333333333
mtd_ai,200,0.005050992432238038,0.4,5907.221626897555,0.2,150,5,0.15611111111111112,0.5106672112882442,1.4043561844412469,0.0,0.2770824608987967,0.0004122180035820882,0.7833333333333333
mtd_ai,200,0.005050992432238038,0.36764705882352944,7297.410855766941,0.25,150,5,0.15611111111111112,0.5106672112882442,1.4043561844412469,0.0,0.2770824608987967,0.0004122180035820882,0.7833333333333333
mtd_ai,200,0.005083513708828305,0.3,2148.328816326858,0.05,150,5,0.08666666666666667,0.38844741600234267,1.6771417795201031,0.0,0.28299905226585426,7.524676450622808e-05,0.7391304347826086
mtd_ai,200,0.005083513708828305,0.42857142857142855,2844.6887020901186,0.1,150,5,0.08666666666666667,0.38844741600234267,1.6771417795201031,0.0,0.28299905226585426,7.524676450622808e-05,0.7391304347826086
mtd_ai,200,0.005083513708828305,0.46875,3935.6491927507623,0.15,150,5,0.08666666666666667,0.38844741600234267,1.6771417795201031,0.0,0.28299905226585426,7.524676450622808e-05,0.7391304347826086
mtd_ai,200,0.005083513708828305,0.46875,4732.954247225158,0.2,150,5,0.08666666666666667,0.38844741600234267,1.6771417795201031,0.0,0.28299905226585426,7.524676450622808e-05,0.7391304347826086
mtd_ai,200,0.005083513708828305,0.5136986301369864,5198.9924238649,0.25,150,5,0.08666666666666667,0.38844741600234267,1.6771417795201031,0.0,0.28299905226585426,7.524676450622808e-05,0.7391304347826086
mtd_ai,200,0.005030490767847788,0.25862068965517243,2513.7657030747328,0.05,150,5,0.10888888888888891,11.565794360107715,8.164098401923415,3.638888888888889,0.35776810331184694,0.00045811309729489974,0.88
mtd_ai,200,0.005030490767847788,0.2777777777777778,5375.250284594273,0.1,150,5,0.10888888888888891,11.565794360107715,8.164098401923415,3.638888888888889,0.35776810331184694,0.00045811309729489974,0.88
mtd_ai,200,0.005030490767847788,0.3409090909090909,6116.147453883935,0.15,150,5,0.10888888888888891,11.565794360107715,8.164098401923415,3.638888888888889,0.35776810331184694,0.00045811309729489974,0.88
mtd_ai,200,0.005030490767847788,0.38961038961038963,6756.776599006511,0.2,150,5,0.10888888888888891,11.565794360107715,8.164098401923415,3.638888888888889,0.35776810331184694,0.00045811309729489974,0.88
mtd_ai,200,0.005030490767847788,0.436046511627907,7090.199378871891,0.25,150,5,0.10888888888888891,11.565794360107715,8.164098401923415,3.638888888888889,0.35776810331184694,0.00045811309729489974,0.88
mtd_ai,200,0.005033546084689884,0.234375,3963.0784772240136,0.05,150,5,0.13,1.279550052526524,2.6736913915422242,0.0,0.3522676203122632,0.0001301248136091375,0.8363636363636363
mtd_ai,200,0.005033546084689884,0.29411764705882354,5615.937099593755,0.1,150,5,0.13,1.279550052526524,2.6736913915422242,0.0,0.3522676203122632,0.0001301248136091375,0.8363636363636363
mtd_ai,200,0.005033546084689884,0.3629032258064516,6031.194746054549,0.15,150,5,0.13,1.279550052526524,2.6736913915422242,0.0,0.3522676203122632,0.0001301248136091375,0.8363636363636363
mtd_ai,200,0.005033546084689884,0.4,6745.679555563282,0.2,150,5,0.13,1.279550052526524,2.6736913915422242,0.0,0.3522676203122632,0.0001301248136091375,0.8363636363636363
mtd_ai,200,0.005033546084689884,0.42613636363636365,7376.736187779706,0.25,150,5,0.13,1.279550052526524,2.6736913915422242,0.0,0.3522676203122632,0.0001301248136091375,0.8363636363636363
mtd_ai,200,0.005072046165774049,0.39473684210526316,1668.6039517026368,0.05,150,5,0.10444444444444444,0.6792767640708375,2.4688823444071852,0.0,0.24509490177191914,0.00043193554955715536,0.7608695652173914
mtd_ai,200,0.005072046165774049,0.375,3805.508385441803,0.1,150,5,0.10444444444444444,0.6792767640708375,2.4688823444071852,0.0,0.24509490177191914,0.00043193554955715536,0.7608695652173914
mtd_ai,200,0.005072046165774049,0.4326923076923077,4448.131235219318,0.15,150,5,0.10444444444444444,0.6792767640708375,2.4688823444071852,0.0,0.24509490177191914,0.00043193554955715536,0.7608695652173914
mtd_ai,200,0.005072046165774049,0.4918032786885246,4918.112331747332,0.2,150,5,0.10444444444444444,0.6792767640708375,2.4688823444071852,0.0,0.24509490177191914,0.00043193554955715536,0.7608695652173914
mtd_ai,200,0.005072046165774049,0.5208333333333334,5500.334287279598,0.25,150,5,0.10444444444444444,0.6792767640708375,2.4688823444071852,0.0,0.24509490177191914,0.00043193554955715536,0.7608695652173914
mtd_ai,200,0.005038629230380466,0.375,1779.7784028879416,0.05,150,5,0.17511111111111113,5.915907628783896,6.027180058070683,0.0,0.1055793480386424,5.970461436073487e-05,0.7358490566037735
mtd_ai,200,0.005038629230380466,0.45454545454545453,2570.912450791333,0.1,150,5,0.17511111111111113,5.915907628783896,6.027180058070683,0.0,0.1055793480386424,5.970461436073487e-05,0.7358490566037735
mtd_ai,200,0.005038629230380466,0.4787234042553192,3851.87613227382,0.15,150,5,0.17511111111111113,5.915907628783896,6.027180058070683,0.0,0.1055793480386424,5.970461436073487e-05,0.7358490566037735
mtd_ai,200,0.005038629230380466,0.379746835443038,5556.170716487017,0.2,150,5,0.17511111111111113,5.915907628783896,6.027180058070683,0.0,0.1055793480386424,5.970461436073487e-05,0.7358490566037735
mtd_ai,200,0.005038629230380466,0.4076086956521739,6063.248745675244,0.25,150,5,0.17511111111111113,5.915907628783896,6.027180058070683,0.0,0.1055793480386424,5.970461436073487e-05,0.7358490566037735
mtd_ai,200,0.005043676168835259,0.28846153846153844,3159.754721074626,0.05,150,5,0.19642857142857142,2.287380049464814,3.45605450935449,-3.696969696969697,0.3637578999584876,0.00013125717256724415,0.74
mtd_ai,200,0.005043676168835259,0.39473684210526316,4100.307612650209,0.1,150,5,0.19642857142857142,2.287380049464814,3.45605450935449,-3.696969696969697,0.3637578999584876,0.00013125717256724415,0.74
mtd_ai,200,0.005043676168835259,0.45918367346938777,4536.760998589245,0.15,150,5,0.19642857142857142,2.287380049464814,3.45605450935449,-3.696969696969697,0.3637578999584876,0.00013125717256724415,0.74
mtd_ai,200,0.005043676168835259,0.46875,5716.857979639513,0.2,150,5,0.19642857142857142,2.287380049464814,3.45605450935449,-3.696969696969697,0.3637578999584876,0.00013125717256724415,0.74
mtd_ai,200,0.005043676168835259,0.5208333333333334,6002.712868191162,0.25,150,5,0.19642857142857142,2.287380049464814,3.45605450935449,-3.696969696969697,0.3637578999584876,0.00013125717256724415,0.74
mtd_ai,200,0.005040069041217177,0.32608695652173914,2496.612643487015,0.05,150,5,0.11074074074074074,0.319859692010578,1.3638900334099746,0.0,0.20137431912709797,8.607553958078753e-05,0.8043478260869565
mtd_ai,200,0.005040069041217177,0.36585365853658536,3689.775381810014,0.1,150,5,0.11074074074074074,0.319859692010578,1.3638900334099746,0.0,0.20137431912709797,8.607553958078753e-05,0.8043478260869565
mtd_ai,200,0.005040069041217177,0.4090909090909091,4696.825787641143,0.15,150,5,0.11074074074074074,0.319859692010578,1.3638900334099746,0.0,0.20137431912709797,8.607553958078753e-05,0.8043478260869565
mtd_ai,200,0.005040069041217177,0.45454545454545453,5225.676006028405,0.2,150,5,0.11074074074074074,0.319859692010578,1.3638900334099746,0.0,0.20137431912709797,8.607553958078753e-05,0.8043478260869565
mtd_ai,200,0.005040069041217177,0.5,5663.040821174585,0.25,150,5,0.11074074074074074,0.319859692010578,1.3638900334099746,0.0,0.20137431912709797,8.607553958078753e-05,0.8043478260869565
mtd_ai,200,0.005068032520140873,0.375,1748.0368319507288,0.05,150,5,0.15333333333333332,0.8214853585653099,3.62294129257959,0.0,0.1379673902438565,6.285615805804802e-05,0.7192982456140351
mtd_ai,200,0.005068032520140873,0.46875,2299.732577345979,0.1,150,5,0.15333333333333332,0.8214853585653099,3.62294129257959,0.0,0.1379673902438565,6.285615805804802e-05,0.7192982456140351
mtd_ai,200,0.005068032520140873,0.5,3091.17382821484,0.15,150,5,0.15333333333333332,0.8214853585653099,3.62294129257959,0.0,0.1379673902438565,6.285615805804802e-05,0.7192982456140351
mtd_ai,200,0.005068032520140873,0.4,6264.681923333994,0.2,150,5,0.15333333333333332,0.8214853585653099,3.62294129257959,0.0,0.1379673902438565,6.285615805804802e-05,0.7192982456140351
mtd_ai,200,0.005068032520140873,0.44642857142857145,6468.923674224508,0.25,150,5,0.15333333333333332,0.8214853585653099,3.62294129257959,0.0,0.1379673902438565,6.285615805804802e-05,0.7192982456140351
mtd_ai,200,0.005066262197913352,0.4166666666666667,1728.4886238823362,0.05,150,5,0.132,0.5095840491048842,0.8185190423048684,0.0,0.34347026837628974,0.00010730240095203662,0.7450980392156863
mtd_ai,200,0.005066262197913352,0.38461538461538464,3842.929089758448,0.1,150,5,0.132,0.5095840491048842,0.8185190423048684,0.0,0.34347026837628974,0.00010730240095203662,0.7450980392156863
mtd_ai,200,0.005066262197913352,0.45,4618.018686491101,0.15,150,5,0.132,0.5095840491048842,0.8185190423048684,0.0,0.34347026837628974,0.00010730240095203662,0.7450980392156863
mtd_ai,200,0.005066262197913352,0.4918032786885246,5137.924414514984,0.2,150,5,0.132,0.5095840491048842,0.8185190423048684,0.0,0.34347026837628974,0.00010730240095203662,0.7450980392156863
mtd_ai,200,0.005066262197913352,0.5136986301369864,5955.967507259487,0.25,150,5,0.132,0.5095840491048842,0.8185190423048684,0.0,0.34347026837628974,0.00010730240095203662,0.7450980392156863
mtd_ai,200,0.00505993663804554,0.39473684210526316,1861.181445921607,0.05,150,5,0.08333333333333333,0.12776761794325162,0.2209373529214667,0.0,0.24178715013336458,9.310877418924844e-05,0.7096774193548387
mtd_ai,200,0.00505993663804554,0.38461538461538464,3623.8655196377567,0.1,150,5,0.08333333333333333,0.12776761794325162,0.2209373529214667,0.0,0.24178715013336458,9.310877418924844e-05,0.7096774193548387
mtd_ai,200,0.00505993663804554,0.45,4169.810261008444,0.15,150,5,0.08333333333333333,0.12776761794325162,0.2209373529214667,0.0,0.24178715013336458,9.310877418924844e-05,0.7096774193548387
mtd_ai,200,0.00505993663804554,0.4225352112676056,6562.8555183831095,0.2,150,5,0.08333333333333333,0.12776761794325162,0.2209373529214667,0.0,0.24178715013336458,9.310877418924844e-05,0.7096774193548387
mtd_ai,200,0.00505993663804554,0.46296296296296297,7007.763419149079,0.25,150,5,0.08333333333333333,0.12776761794325162,0.2209373529214667,0.0,0.24178715013336458,9.310877418924844e-05,0.7096774193548387
